线路,站点,纬度,经度,方向,日期类型key,日期类型,班次序号,发车时刻
大兴机场线,草桥,39.8445619,116.3454126,大兴机场,weekday_1_2_3_4_6_7,适用日期（周一、周二、周三、周四、周六、周日）,1,05:28
大兴机场线,草桥,39.8445619,116.3454126,大兴机场,weekday_1_2_3_4_6_7,适用日期（周一、周二、周三、周四、周六、周日）,2,05:38
大兴机场线,草桥,39.8445619,116.3454126,大兴机场,weekday_1_2_3_4_6_7,适用日期（周一、周二、周三、周四、周六、周日）,3,05:48
大兴机场线,草桥,39.8445619,116.3454126,大兴机场,weekday_1_2_3_4_6_7,适用日期（周一、周二、周三、周四、周六、周日）,4,05:57
大兴机场线,草桥,39.8445619,116.3454126,大兴机场,weekday_1_2_3_4_6_7,适用日期（周一、周二、周三、周四、周六、周日）,5,06:07
大兴机场线,草桥,39.8445619,116.3454126,大兴机场,weekday_1_2_3_4_6_7,适用日期（周一、周二、周三、周四、周六、周日）,6,06:17
大兴机场线,草桥,39.8445619,116.3454126,大兴机场,weekday_1_2_3_4_6_7,适用日期（周一、周二、周三、周四、周六、周日）,7,06:26
大兴机场线,草桥,39.8445619,116.3454126,大兴机场,weekday_1_2_3_4_6_7,适用日期（周一、周二、周三、周四、周六、周日）,8,06:36
大兴机场线,草桥,39.8445619,116.3454126,大兴机场,weekday_1_2_3_4_6_7,适用日期（周一、周二、周三、周四、周六、周日）,9,06:45
大兴机场线,草桥,39.8445619,116.3454126,大兴机场,weekday_1_2_3_4_6_7,适用日期（周一、周二、周三、周四、周六、周日）,10,06:54
大兴机场线,草桥,39.8445619,116.3454126,大兴机场,weekday_1_2_3_4_6_7,适用日期（周一、周二、周三、周四、周六、周日）,11,07:04
大兴机场线,草桥,39.8445619,116.3454126,大兴机场,weekday_1_2_3_4_6_7,适用日期（周一、周二、周三、周四、周六、周日）,12,07:13
大兴机场线,草桥,39.8445619,116.3454126,大兴机场,weekday_1_2_3_4_6_7,适用日期（周一、周二、周三、周四、周六、周日）,13,07:22
大兴机场线,草桥,39.8445619,116.3454126,大兴机场,weekday_1_2_3_4_6_7,适用日期（周一、周二、周三、周四、周六、周日）,14,07:32
大兴机场线,草桥,39.8445619,116.3454126,大兴机场,weekday_1_2_3_4_6_7,适用日期（周一、周二、周三、周四、周六、周日）,15,07:41
大兴机场线,草桥,39.8445619,116.3454126,大兴机场,weekday_1_2_3_4_6_7,适用日期（周一、周二、周三、周四、周六、周日）,16,07:50
大兴机场线,草桥,39.8445619,116.3454126,大兴机场,weekday_1_2_3_4_6_7,适用日期（周一、周二、周三、周四、周六、周日）,17,08:00
大兴机场线,草桥,39.8445619,116.3454126,大兴机场,weekday_1_2_3_4_6_7,适用日期（周一、周二、周三、周四、周六、周日）,18,08:09
大兴机场线,草桥,39.8445619,116.3454126,大兴机场,weekday_1_2_3_4_6_7,适用日期（周一、周二、周三、周四、周六、周日）,19,08:18
大兴机场线,草桥,39.8445619,116.3454126,大兴机场,weekday_1_2_3_4_6_7,适用日期（周一、周二、周三、周四、周六、周日）,20,08:28
大兴机场线,草桥,39.8445619,116.3454126,大兴机场,weekday_1_2_3_4_6_7,适用日期（周一、周二、周三、周四、周六、周日）,21,08:37
大兴机场线,草桥,39.8445619,116.3454126,大兴机场,weekday_1_2_3_4_6_7,适用日期（周一、周二、周三、周四、周六、周日）,22,08:46
大兴机场线,草桥,39.8445619,116.3454126,大兴机场,weekday_1_2_3_4_6_7,适用日期（周一、周二、周三、周四、周六、周日）,23,08:56
大兴机场线,草桥,39.8445619,116.3454126,大兴机场,weekday_1_2_3_4_6_7,适用日期（周一、周二、周三、周四、周六、周日）,24,09:05
大兴机场线,草桥,39.8445619,116.3454126,大兴机场,weekday_1_2_3_4_6_7,适用日期（周一、周二、周三、周四、周六、周日）,25,09:14
大兴机场线,草桥,39.8445619,116.3454126,大兴机场,weekday_1_2_3_4_6_7,适用日期（周一、周二、周三、周四、周六、周日）,26,09:24
大兴机场线,草桥,39.8445619,116.3454126,大兴机场,weekday_1_2_3_4_6_7,适用日期（周一、周二、周三、周四、周六、周日）,27,09:33
大兴机场线,草桥,39.8445619,116.3454126,大兴机场,weekday_1_2_3_4_6_7,适用日期（周一、周二、周三、周四、周六、周日）,28,09:42
大兴机场线,草桥,39.8445619,116.3454126,大兴机场,weekday_1_2_3_4_6_7,适用日期（周一、周二、周三、周四、周六、周日）,29,09:52
大兴机场线,草桥,39.8445619,116.3454126,大兴机场,weekday_1_2_3_4_6_7,适用日期（周一、周二、周三、周四、周六、周日）,30,10:01
大兴机场线,草桥,39.8445619,116.3454126,大兴机场,weekday_1_2_3_4_6_7,适用日期（周一、周二、周三、周四、周六、周日）,31,10:10
大兴机场线,草桥,39.8445619,116.3454126,大兴机场,weekday_1_2_3_4_6_7,适用日期（周一、周二、周三、周四、周六、周日）,32,10:20
大兴机场线,草桥,39.8445619,116.3454126,大兴机场,weekday_1_2_3_4_6_7,适用日期（周一、周二、周三、周四、周六、周日）,33,10:29
大兴机场线,草桥,39.8445619,116.3454126,大兴机场,weekday_1_2_3_4_6_7,适用日期（周一、周二、周三、周四、周六、周日）,34,10:38
大兴机场线,草桥,39.8445619,116.3454126,大兴机场,weekday_1_2_3_4_6_7,适用日期（周一、周二、周三、周四、周六、周日）,35,10:48
大兴机场线,草桥,39.8445619,116.3454126,大兴机场,weekday_1_2_3_4_6_7,适用日期（周一、周二、周三、周四、周六、周日）,36,10:57
大兴机场线,草桥,39.8445619,116.3454126,大兴机场,weekday_1_2_3_4_6_7,适用日期（周一、周二、周三、周四、周六、周日）,37,11:06
大兴机场线,草桥,39.8445619,116.3454126,大兴机场,weekday_1_2_3_4_6_7,适用日期（周一、周二、周三、周四、周六、周日）,38,11:16
大兴机场线,草桥,39.8445619,116.3454126,大兴机场,weekday_1_2_3_4_6_7,适用日期（周一、周二、周三、周四、周六、周日）,39,11:25
大兴机场线,草桥,39.8445619,116.3454126,大兴机场,weekday_1_2_3_4_6_7,适用日期（周一、周二、周三、周四、周六、周日）,40,11:34
大兴机场线,草桥,39.8445619,116.3454126,大兴机场,weekday_1_2_3_4_6_7,适用日期（周一、周二、周三、周四、周六、周日）,41,11:44
大兴机场线,草桥,39.8445619,116.3454126,大兴机场,weekday_1_2_3_4_6_7,适用日期（周一、周二、周三、周四、周六、周日）,42,11:53
大兴机场线,草桥,39.8445619,116.3454126,大兴机场,weekday_1_2_3_4_6_7,适用日期（周一、周二、周三、周四、周六、周日）,43,12:02
大兴机场线,草桥,39.8445619,116.3454126,大兴机场,weekday_1_2_3_4_6_7,适用日期（周一、周二、周三、周四、周六、周日）,44,12:12
大兴机场线,草桥,39.8445619,116.3454126,大兴机场,weekday_1_2_3_4_6_7,适用日期（周一、周二、周三、周四、周六、周日）,45,12:21
大兴机场线,草桥,39.8445619,116.3454126,大兴机场,weekday_1_2_3_4_6_7,适用日期（周一、周二、周三、周四、周六、周日）,46,12:30
大兴机场线,草桥,39.8445619,116.3454126,大兴机场,weekday_1_2_3_4_6_7,适用日期（周一、周二、周三、周四、周六、周日）,47,12:40
大兴机场线,草桥,39.8445619,116.3454126,大兴机场,weekday_1_2_3_4_6_7,适用日期（周一、周二、周三、周四、周六、周日）,48,12:49
大兴机场线,草桥,39.8445619,116.3454126,大兴机场,weekday_1_2_3_4_6_7,适用日期（周一、周二、周三、周四、周六、周日）,49,12:58
大兴机场线,草桥,39.8445619,116.3454126,大兴机场,weekday_1_2_3_4_6_7,适用日期（周一、周二、周三、周四、周六、周日）,50,13:08
大兴机场线,草桥,39.8445619,116.3454126,大兴机场,weekday_1_2_3_4_6_7,适用日期（周一、周二、周三、周四、周六、周日）,51,13:17
大兴机场线,草桥,39.8445619,116.3454126,大兴机场,weekday_1_2_3_4_6_7,适用日期（周一、周二、周三、周四、周六、周日）,52,13:26
大兴机场线,草桥,39.8445619,116.3454126,大兴机场,weekday_1_2_3_4_6_7,适用日期（周一、周二、周三、周四、周六、周日）,53,13:36
大兴机场线,草桥,39.8445619,116.3454126,大兴机场,weekday_1_2_3_4_6_7,适用日期（周一、周二、周三、周四、周六、周日）,54,13:45
大兴机场线,草桥,39.8445619,116.3454126,大兴机场,weekday_1_2_3_4_6_7,适用日期（周一、周二、周三、周四、周六、周日）,55,13:54
大兴机场线,草桥,39.8445619,116.3454126,大兴机场,weekday_1_2_3_4_6_7,适用日期（周一、周二、周三、周四、周六、周日）,56,14:04
大兴机场线,草桥,39.8445619,116.3454126,大兴机场,weekday_1_2_3_4_6_7,适用日期（周一、周二、周三、周四、周六、周日）,57,14:13
大兴机场线,草桥,39.8445619,116.3454126,大兴机场,weekday_1_2_3_4_6_7,适用日期（周一、周二、周三、周四、周六、周日）,58,14:22
大兴机场线,草桥,39.8445619,116.3454126,大兴机场,weekday_1_2_3_4_6_7,适用日期（周一、周二、周三、周四、周六、周日）,59,14:32
大兴机场线,草桥,39.8445619,116.3454126,大兴机场,weekday_1_2_3_4_6_7,适用日期（周一、周二、周三、周四、周六、周日）,60,14:41
大兴机场线,草桥,39.8445619,116.3454126,大兴机场,weekday_1_2_3_4_6_7,适用日期（周一、周二、周三、周四、周六、周日）,61,14:50
大兴机场线,草桥,39.8445619,116.3454126,大兴机场,weekday_1_2_3_4_6_7,适用日期（周一、周二、周三、周四、周六、周日）,62,15:00
大兴机场线,草桥,39.8445619,116.3454126,大兴机场,weekday_1_2_3_4_6_7,适用日期（周一、周二、周三、周四、周六、周日）,63,15:09
大兴机场线,草桥,39.8445619,116.3454126,大兴机场,weekday_1_2_3_4_6_7,适用日期（周一、周二、周三、周四、周六、周日）,64,15:18
大兴机场线,草桥,39.8445619,116.3454126,大兴机场,weekday_1_2_3_4_6_7,适用日期（周一、周二、周三、周四、周六、周日）,65,15:28
大兴机场线,草桥,39.8445619,116.3454126,大兴机场,weekday_1_2_3_4_6_7,适用日期（周一、周二、周三、周四、周六、周日）,66,15:37
大兴机场线,草桥,39.8445619,116.3454126,大兴机场,weekday_1_2_3_4_6_7,适用日期（周一、周二、周三、周四、周六、周日）,67,15:46
大兴机场线,草桥,39.8445619,116.3454126,大兴机场,weekday_1_2_3_4_6_7,适用日期（周一、周二、周三、周四、周六、周日）,68,15:56
大兴机场线,草桥,39.8445619,116.3454126,大兴机场,weekday_1_2_3_4_6_7,适用日期（周一、周二、周三、周四、周六、周日）,69,16:05
大兴机场线,草桥,39.8445619,116.3454126,大兴机场,weekday_1_2_3_4_6_7,适用日期（周一、周二、周三、周四、周六、周日）,70,16:14
大兴机场线,草桥,39.8445619,116.3454126,大兴机场,weekday_1_2_3_4_6_7,适用日期（周一、周二、周三、周四、周六、周日）,71,16:24
大兴机场线,草桥,39.8445619,116.3454126,大兴机场,weekday_1_2_3_4_6_7,适用日期（周一、周二、周三、周四、周六、周日）,72,16:33
大兴机场线,草桥,39.8445619,116.3454126,大兴机场,weekday_1_2_3_4_6_7,适用日期（周一、周二、周三、周四、周六、周日）,73,16:42
大兴机场线,草桥,39.8445619,116.3454126,大兴机场,weekday_1_2_3_4_6_7,适用日期（周一、周二、周三、周四、周六、周日）,74,16:52
大兴机场线,草桥,39.8445619,116.3454126,大兴机场,weekday_1_2_3_4_6_7,适用日期（周一、周二、周三、周四、周六、周日）,75,17:01
大兴机场线,草桥,39.8445619,116.3454126,大兴机场,weekday_1_2_3_4_6_7,适用日期（周一、周二、周三、周四、周六、周日）,76,17:10
大兴机场线,草桥,39.8445619,116.3454126,大兴机场,weekday_1_2_3_4_6_7,适用日期（周一、周二、周三、周四、周六、周日）,77,17:20
大兴机场线,草桥,39.8445619,116.3454126,大兴机场,weekday_1_2_3_4_6_7,适用日期（周一、周二、周三、周四、周六、周日）,78,17:29
大兴机场线,草桥,39.8445619,116.3454126,大兴机场,weekday_1_2_3_4_6_7,适用日期（周一、周二、周三、周四、周六、周日）,79,17:38
大兴机场线,草桥,39.8445619,116.3454126,大兴机场,weekday_1_2_3_4_6_7,适用日期（周一、周二、周三、周四、周六、周日）,80,17:48
大兴机场线,草桥,39.8445619,116.3454126,大兴机场,weekday_1_2_3_4_6_7,适用日期（周一、周二、周三、周四、周六、周日）,81,17:57
大兴机场线,草桥,39.8445619,116.3454126,大兴机场,weekday_1_2_3_4_6_7,适用日期（周一、周二、周三、周四、周六、周日）,82,18:06
大兴机场线,草桥,39.8445619,116.3454126,大兴机场,weekday_1_2_3_4_6_7,适用日期（周一、周二、周三、周四、周六、周日）,83,18:16
大兴机场线,草桥,39.8445619,116.3454126,大兴机场,weekday_1_2_3_4_6_7,适用日期（周一、周二、周三、周四、周六、周日）,84,18:25
大兴机场线,草桥,39.8445619,116.3454126,大兴机场,weekday_1_2_3_4_6_7,适用日期（周一、周二、周三、周四、周六、周日）,85,18:34
大兴机场线,草桥,39.8445619,116.3454126,大兴机场,weekday_1_2_3_4_6_7,适用日期（周一、周二、周三、周四、周六、周日）,86,18:44
大兴机场线,草桥,39.8445619,116.3454126,大兴机场,weekday_1_2_3_4_6_7,适用日期（周一、周二、周三、周四、周六、周日）,87,18:53
大兴机场线,草桥,39.8445619,116.3454126,大兴机场,weekday_1_2_3_4_6_7,适用日期（周一、周二、周三、周四、周六、周日）,88,19:02
大兴机场线,草桥,39.8445619,116.3454126,大兴机场,weekday_1_2_3_4_6_7,适用日期（周一、周二、周三、周四、周六、周日）,89,19:12
大兴机场线,草桥,39.8445619,116.3454126,大兴机场,weekday_1_2_3_4_6_7,适用日期（周一、周二、周三、周四、周六、周日）,90,19:21
大兴机场线,草桥,39.8445619,116.3454126,大兴机场,weekday_1_2_3_4_6_7,适用日期（周一、周二、周三、周四、周六、周日）,91,19:30
大兴机场线,草桥,39.8445619,116.3454126,大兴机场,weekday_1_2_3_4_6_7,适用日期（周一、周二、周三、周四、周六、周日）,92,19:40
大兴机场线,草桥,39.8445619,116.3454126,大兴机场,weekday_1_2_3_4_6_7,适用日期（周一、周二、周三、周四、周六、周日）,93,19:49
大兴机场线,草桥,39.8445619,116.3454126,大兴机场,weekday_1_2_3_4_6_7,适用日期（周一、周二、周三、周四、周六、周日）,94,19:58
大兴机场线,草桥,39.8445619,116.3454126,大兴机场,weekday_1_2_3_4_6_7,适用日期（周一、周二、周三、周四、周六、周日）,95,20:08
大兴机场线,草桥,39.8445619,116.3454126,大兴机场,weekday_1_2_3_4_6_7,适用日期（周一、周二、周三、周四、周六、周日）,96,20:17
大兴机场线,草桥,39.8445619,116.3454126,大兴机场,weekday_1_2_3_4_6_7,适用日期（周一、周二、周三、周四、周六、周日）,97,20:26
大兴机场线,草桥,39.8445619,116.3454126,大兴机场,weekday_1_2_3_4_6_7,适用日期（周一、周二、周三、周四、周六、周日）,98,20:36
大兴机场线,草桥,39.8445619,116.3454126,大兴机场,weekday_1_2_3_4_6_7,适用日期（周一、周二、周三、周四、周六、周日）,99,20:45
大兴机场线,草桥,39.8445619,116.3454126,大兴机场,weekday_1_2_3_4_6_7,适用日期（周一、周二、周三、周四、周六、周日）,100,20:54
大兴机场线,草桥,39.8445619,116.3454126,大兴机场,weekday_1_2_3_4_6_7,适用日期（周一、周二、周三、周四、周六、周日）,101,21:04
大兴机场线,草桥,39.8445619,116.3454126,大兴机场,weekday_1_2_3_4_6_7,适用日期（周一、周二、周三、周四、周六、周日）,102,21:13
大兴机场线,草桥,39.8445619,116.3454126,大兴机场,weekday_1_2_3_4_6_7,适用日期（周一、周二、周三、周四、周六、周日）,103,21:22
大兴机场线,草桥,39.8445619,116.3454126,大兴机场,weekday_1_2_3_4_6_7,适用日期（周一、周二、周三、周四、周六、周日）,104,21:32
大兴机场线,草桥,39.8445619,116.3454126,大兴机场,weekday_1_2_3_4_6_7,适用日期（周一、周二、周三、周四、周六、周日）,105,21:41
大兴机场线,草桥,39.8445619,116.3454126,大兴机场,weekday_1_2_3_4_6_7,适用日期（周一、周二、周三、周四、周六、周日）,106,21:50
大兴机场线,草桥,39.8445619,116.3454126,大兴机场,weekday_1_2_3_4_6_7,适用日期（周一、周二、周三、周四、周六、周日）,107,22:00
大兴机场线,草桥,39.8445619,116.3454126,大兴机场,weekday_1_2_3_4_6_7,适用日期（周一、周二、周三、周四、周六、周日）,108,22:09
大兴机场线,草桥,39.8445619,116.3454126,大兴机场,weekday_1_2_3_4_6_7,适用日期（周一、周二、周三、周四、周六、周日）,109,22:18
大兴机场线,草桥,39.8445619,116.3454126,大兴机场,weekday_1_2_3_4_6_7,适用日期（周一、周二、周三、周四、周六、周日）,110,22:28
大兴机场线,草桥,39.8445619,116.3454126,大兴机场,weekday_5,适用日期（周五）,1,05:28
大兴机场线,草桥,39.8445619,116.3454126,大兴机场,weekday_5,适用日期（周五）,2,05:38
大兴机场线,草桥,39.8445619,116.3454126,大兴机场,weekday_5,适用日期（周五）,3,05:47
大兴机场线,草桥,39.8445619,116.3454126,大兴机场,weekday_5,适用日期（周五）,4,05:56
大兴机场线,草桥,39.8445619,116.3454126,大兴机场,weekday_5,适用日期（周五）,5,06:04
大兴机场线,草桥,39.8445619,116.3454126,大兴机场,weekday_5,适用日期（周五）,6,06:12
大兴机场线,草桥,39.8445619,116.3454126,大兴机场,weekday_5,适用日期（周五）,7,06:20
大兴机场线,草桥,39.8445619,116.3454126,大兴机场,weekday_5,适用日期（周五）,8,06:28
大兴机场线,草桥,39.8445619,116.3454126,大兴机场,weekday_5,适用日期（周五）,9,06:36
大兴机场线,草桥,39.8445619,116.3454126,大兴机场,weekday_5,适用日期（周五）,10,06:44
大兴机场线,草桥,39.8445619,116.3454126,大兴机场,weekday_5,适用日期（周五）,11,06:52
大兴机场线,草桥,39.8445619,116.3454126,大兴机场,weekday_5,适用日期（周五）,12,07:00
大兴机场线,草桥,39.8445619,116.3454126,大兴机场,weekday_5,适用日期（周五）,13,07:08
大兴机场线,草桥,39.8445619,116.3454126,大兴机场,weekday_5,适用日期（周五）,14,07:16
大兴机场线,草桥,39.8445619,116.3454126,大兴机场,weekday_5,适用日期（周五）,15,07:24
大兴机场线,草桥,39.8445619,116.3454126,大兴机场,weekday_5,适用日期（周五）,16,07:32
大兴机场线,草桥,39.8445619,116.3454126,大兴机场,weekday_5,适用日期（周五）,17,07:40
大兴机场线,草桥,39.8445619,116.3454126,大兴机场,weekday_5,适用日期（周五）,18,07:48
大兴机场线,草桥,39.8445619,116.3454126,大兴机场,weekday_5,适用日期（周五）,19,07:56
大兴机场线,草桥,39.8445619,116.3454126,大兴机场,weekday_5,适用日期（周五）,20,08:04
大兴机场线,草桥,39.8445619,116.3454126,大兴机场,weekday_5,适用日期（周五）,21,08:12
大兴机场线,草桥,39.8445619,116.3454126,大兴机场,weekday_5,适用日期（周五）,22,08:20
大兴机场线,草桥,39.8445619,116.3454126,大兴机场,weekday_5,适用日期（周五）,23,08:28
大兴机场线,草桥,39.8445619,116.3454126,大兴机场,weekday_5,适用日期（周五）,24,08:36
大兴机场线,草桥,39.8445619,116.3454126,大兴机场,weekday_5,适用日期（周五）,25,08:44
大兴机场线,草桥,39.8445619,116.3454126,大兴机场,weekday_5,适用日期（周五）,26,08:52
大兴机场线,草桥,39.8445619,116.3454126,大兴机场,weekday_5,适用日期（周五）,27,09:00
大兴机场线,草桥,39.8445619,116.3454126,大兴机场,weekday_5,适用日期（周五）,28,09:08
大兴机场线,草桥,39.8445619,116.3454126,大兴机场,weekday_5,适用日期（周五）,29,09:16
大兴机场线,草桥,39.8445619,116.3454126,大兴机场,weekday_5,适用日期（周五）,30,09:24
大兴机场线,草桥,39.8445619,116.3454126,大兴机场,weekday_5,适用日期（周五）,31,09:32
大兴机场线,草桥,39.8445619,116.3454126,大兴机场,weekday_5,适用日期（周五）,32,09:40
大兴机场线,草桥,39.8445619,116.3454126,大兴机场,weekday_5,适用日期（周五）,33,09:48
大兴机场线,草桥,39.8445619,116.3454126,大兴机场,weekday_5,适用日期（周五）,34,09:56
大兴机场线,草桥,39.8445619,116.3454126,大兴机场,weekday_5,适用日期（周五）,35,10:04
大兴机场线,草桥,39.8445619,116.3454126,大兴机场,weekday_5,适用日期（周五）,36,10:12
大兴机场线,草桥,39.8445619,116.3454126,大兴机场,weekday_5,适用日期（周五）,37,10:20
大兴机场线,草桥,39.8445619,116.3454126,大兴机场,weekday_5,适用日期（周五）,38,10:28
大兴机场线,草桥,39.8445619,116.3454126,大兴机场,weekday_5,适用日期（周五）,39,10:36
大兴机场线,草桥,39.8445619,116.3454126,大兴机场,weekday_5,适用日期（周五）,40,10:44
大兴机场线,草桥,39.8445619,116.3454126,大兴机场,weekday_5,适用日期（周五）,41,10:52
大兴机场线,草桥,39.8445619,116.3454126,大兴机场,weekday_5,适用日期（周五）,42,11:00
大兴机场线,草桥,39.8445619,116.3454126,大兴机场,weekday_5,适用日期（周五）,43,11:08
大兴机场线,草桥,39.8445619,116.3454126,大兴机场,weekday_5,适用日期（周五）,44,11:16
大兴机场线,草桥,39.8445619,116.3454126,大兴机场,weekday_5,适用日期（周五）,45,11:24
大兴机场线,草桥,39.8445619,116.3454126,大兴机场,weekday_5,适用日期（周五）,46,11:32
大兴机场线,草桥,39.8445619,116.3454126,大兴机场,weekday_5,适用日期（周五）,47,11:40
大兴机场线,草桥,39.8445619,116.3454126,大兴机场,weekday_5,适用日期（周五）,48,11:48
大兴机场线,草桥,39.8445619,116.3454126,大兴机场,weekday_5,适用日期（周五）,49,11:56
大兴机场线,草桥,39.8445619,116.3454126,大兴机场,weekday_5,适用日期（周五）,50,12:04
大兴机场线,草桥,39.8445619,116.3454126,大兴机场,weekday_5,适用日期（周五）,51,12:12
大兴机场线,草桥,39.8445619,116.3454126,大兴机场,weekday_5,适用日期（周五）,52,12:20
大兴机场线,草桥,39.8445619,116.3454126,大兴机场,weekday_5,适用日期（周五）,53,12:28
大兴机场线,草桥,39.8445619,116.3454126,大兴机场,weekday_5,适用日期（周五）,54,12:36
大兴机场线,草桥,39.8445619,116.3454126,大兴机场,weekday_5,适用日期（周五）,55,12:44
大兴机场线,草桥,39.8445619,116.3454126,大兴机场,weekday_5,适用日期（周五）,56,12:52
大兴机场线,草桥,39.8445619,116.3454126,大兴机场,weekday_5,适用日期（周五）,57,13:00
大兴机场线,草桥,39.8445619,116.3454126,大兴机场,weekday_5,适用日期（周五）,58,13:08
大兴机场线,草桥,39.8445619,116.3454126,大兴机场,weekday_5,适用日期（周五）,59,13:16
大兴机场线,草桥,39.8445619,116.3454126,大兴机场,weekday_5,适用日期（周五）,60,13:24
大兴机场线,草桥,39.8445619,116.3454126,大兴机场,weekday_5,适用日期（周五）,61,13:32
大兴机场线,草桥,39.8445619,116.3454126,大兴机场,weekday_5,适用日期（周五）,62,13:40
大兴机场线,草桥,39.8445619,116.3454126,大兴机场,weekday_5,适用日期（周五）,63,13:48
大兴机场线,草桥,39.8445619,116.3454126,大兴机场,weekday_5,适用日期（周五）,64,13:56
大兴机场线,草桥,39.8445619,116.3454126,大兴机场,weekday_5,适用日期（周五）,65,14:04
大兴机场线,草桥,39.8445619,116.3454126,大兴机场,weekday_5,适用日期（周五）,66,14:12
大兴机场线,草桥,39.8445619,116.3454126,大兴机场,weekday_5,适用日期（周五）,67,14:20
大兴机场线,草桥,39.8445619,116.3454126,大兴机场,weekday_5,适用日期（周五）,68,14:28
大兴机场线,草桥,39.8445619,116.3454126,大兴机场,weekday_5,适用日期（周五）,69,14:36
大兴机场线,草桥,39.8445619,116.3454126,大兴机场,weekday_5,适用日期（周五）,70,14:44
大兴机场线,草桥,39.8445619,116.3454126,大兴机场,weekday_5,适用日期（周五）,71,14:52
大兴机场线,草桥,39.8445619,116.3454126,大兴机场,weekday_5,适用日期（周五）,72,15:00
大兴机场线,草桥,39.8445619,116.3454126,大兴机场,weekday_5,适用日期（周五）,73,15:08
大兴机场线,草桥,39.8445619,116.3454126,大兴机场,weekday_5,适用日期（周五）,74,15:16
大兴机场线,草桥,39.8445619,116.3454126,大兴机场,weekday_5,适用日期（周五）,75,15:24
大兴机场线,草桥,39.8445619,116.3454126,大兴机场,weekday_5,适用日期（周五）,76,15:32
大兴机场线,草桥,39.8445619,116.3454126,大兴机场,weekday_5,适用日期（周五）,77,15:40
大兴机场线,草桥,39.8445619,116.3454126,大兴机场,weekday_5,适用日期（周五）,78,15:48
大兴机场线,草桥,39.8445619,116.3454126,大兴机场,weekday_5,适用日期（周五）,79,15:56
大兴机场线,草桥,39.8445619,116.3454126,大兴机场,weekday_5,适用日期（周五）,80,16:04
大兴机场线,草桥,39.8445619,116.3454126,大兴机场,weekday_5,适用日期（周五）,81,16:12
大兴机场线,草桥,39.8445619,116.3454126,大兴机场,weekday_5,适用日期（周五）,82,16:20
大兴机场线,草桥,39.8445619,116.3454126,大兴机场,weekday_5,适用日期（周五）,83,16:28
大兴机场线,草桥,39.8445619,116.3454126,大兴机场,weekday_5,适用日期（周五）,84,16:36
大兴机场线,草桥,39.8445619,116.3454126,大兴机场,weekday_5,适用日期（周五）,85,16:44
大兴机场线,草桥,39.8445619,116.3454126,大兴机场,weekday_5,适用日期（周五）,86,16:52
大兴机场线,草桥,39.8445619,116.3454126,大兴机场,weekday_5,适用日期（周五）,87,17:00
大兴机场线,草桥,39.8445619,116.3454126,大兴机场,weekday_5,适用日期（周五）,88,17:08
大兴机场线,草桥,39.8445619,116.3454126,大兴机场,weekday_5,适用日期（周五）,89,17:16
大兴机场线,草桥,39.8445619,116.3454126,大兴机场,weekday_5,适用日期（周五）,90,17:24
大兴机场线,草桥,39.8445619,116.3454126,大兴机场,weekday_5,适用日期（周五）,91,17:32
大兴机场线,草桥,39.8445619,116.3454126,大兴机场,weekday_5,适用日期（周五）,92,17:40
大兴机场线,草桥,39.8445619,116.3454126,大兴机场,weekday_5,适用日期（周五）,93,17:48
大兴机场线,草桥,39.8445619,116.3454126,大兴机场,weekday_5,适用日期（周五）,94,17:56
大兴机场线,草桥,39.8445619,116.3454126,大兴机场,weekday_5,适用日期（周五）,95,18:04
大兴机场线,草桥,39.8445619,116.3454126,大兴机场,weekday_5,适用日期（周五）,96,18:12
大兴机场线,草桥,39.8445619,116.3454126,大兴机场,weekday_5,适用日期（周五）,97,18:20
大兴机场线,草桥,39.8445619,116.3454126,大兴机场,weekday_5,适用日期（周五）,98,18:28
大兴机场线,草桥,39.8445619,116.3454126,大兴机场,weekday_5,适用日期（周五）,99,18:36
大兴机场线,草桥,39.8445619,116.3454126,大兴机场,weekday_5,适用日期（周五）,100,18:44
大兴机场线,草桥,39.8445619,116.3454126,大兴机场,weekday_5,适用日期（周五）,101,18:52
大兴机场线,草桥,39.8445619,116.3454126,大兴机场,weekday_5,适用日期（周五）,102,19:00
大兴机场线,草桥,39.8445619,116.3454126,大兴机场,weekday_5,适用日期（周五）,103,19:08
大兴机场线,草桥,39.8445619,116.3454126,大兴机场,weekday_5,适用日期（周五）,104,19:16
大兴机场线,草桥,39.8445619,116.3454126,大兴机场,weekday_5,适用日期（周五）,105,19:24
大兴机场线,草桥,39.8445619,116.3454126,大兴机场,weekday_5,适用日期（周五）,106,19:32
大兴机场线,草桥,39.8445619,116.3454126,大兴机场,weekday_5,适用日期（周五）,107,19:40
大兴机场线,草桥,39.8445619,116.3454126,大兴机场,weekday_5,适用日期（周五）,108,19:48
大兴机场线,草桥,39.8445619,116.3454126,大兴机场,weekday_5,适用日期（周五）,109,19:56
大兴机场线,草桥,39.8445619,116.3454126,大兴机场,weekday_5,适用日期（周五）,110,20:04
大兴机场线,草桥,39.8445619,116.3454126,大兴机场,weekday_5,适用日期（周五）,111,20:13
大兴机场线,草桥,39.8445619,116.3454126,大兴机场,weekday_5,适用日期（周五）,112,20:22
大兴机场线,草桥,39.8445619,116.3454126,大兴机场,weekday_5,适用日期（周五）,113,20:32
大兴机场线,草桥,39.8445619,116.3454126,大兴机场,weekday_5,适用日期（周五）,114,20:40
大兴机场线,草桥,39.8445619,116.3454126,大兴机场,weekday_5,适用日期（周五）,115,20:49
大兴机场线,草桥,39.8445619,116.3454126,大兴机场,weekday_5,适用日期（周五）,116,21:00
大兴机场线,草桥,39.8445619,116.3454126,大兴机场,weekday_5,适用日期（周五）,117,21:09
大兴机场线,草桥,39.8445619,116.3454126,大兴机场,weekday_5,适用日期（周五）,118,21:18
大兴机场线,草桥,39.8445619,116.3454126,大兴机场,weekday_5,适用日期（周五）,119,21:28
大兴机场线,草桥,39.8445619,116.3454126,大兴机场,weekday_5,适用日期（周五）,120,21:38
大兴机场线,草桥,39.8445619,116.3454126,大兴机场,weekday_5,适用日期（周五）,121,21:48
大兴机场线,草桥,39.8445619,116.3454126,大兴机场,weekday_5,适用日期（周五）,122,21:58
大兴机场线,草桥,39.8445619,116.3454126,大兴机场,weekday_5,适用日期（周五）,123,22:08
大兴机场线,草桥,39.8445619,116.3454126,大兴机场,weekday_5,适用日期（周五）,124,22:18
大兴机场线,草桥,39.8445619,116.3454126,大兴机场,weekday_5,适用日期（周五）,125,22:28
大兴机场线,大兴新城,39.7340741,116.3594824,草桥,weekday_1_2_3_4_6,适用日期（周一、周二、周三、周四、周六）,1,06:12
大兴机场线,大兴新城,39.7340741,116.3594824,草桥,weekday_1_2_3_4_6,适用日期（周一、周二、周三、周四、周六）,2,06:22
大兴机场线,大兴新城,39.7340741,116.3594824,草桥,weekday_1_2_3_4_6,适用日期（周一、周二、周三、周四、周六）,3,06:31
大兴机场线,大兴新城,39.7340741,116.3594824,草桥,weekday_1_2_3_4_6,适用日期（周一、周二、周三、周四、周六）,4,06:41
大兴机场线,大兴新城,39.7340741,116.3594824,草桥,weekday_1_2_3_4_6,适用日期（周一、周二、周三、周四、周六）,5,06:50
大兴机场线,大兴新城,39.7340741,116.3594824,草桥,weekday_1_2_3_4_6,适用日期（周一、周二、周三、周四、周六）,6,06:59
大兴机场线,大兴新城,39.7340741,116.3594824,草桥,weekday_1_2_3_4_6,适用日期（周一、周二、周三、周四、周六）,7,07:09
大兴机场线,大兴新城,39.7340741,116.3594824,草桥,weekday_1_2_3_4_6,适用日期（周一、周二、周三、周四、周六）,8,07:18
大兴机场线,大兴新城,39.7340741,116.3594824,草桥,weekday_1_2_3_4_6,适用日期（周一、周二、周三、周四、周六）,9,07:27
大兴机场线,大兴新城,39.7340741,116.3594824,草桥,weekday_1_2_3_4_6,适用日期（周一、周二、周三、周四、周六）,10,07:37
大兴机场线,大兴新城,39.7340741,116.3594824,草桥,weekday_1_2_3_4_6,适用日期（周一、周二、周三、周四、周六）,11,07:46
大兴机场线,大兴新城,39.7340741,116.3594824,草桥,weekday_1_2_3_4_6,适用日期（周一、周二、周三、周四、周六）,12,07:55
大兴机场线,大兴新城,39.7340741,116.3594824,草桥,weekday_1_2_3_4_6,适用日期（周一、周二、周三、周四、周六）,13,08:05
大兴机场线,大兴新城,39.7340741,116.3594824,草桥,weekday_1_2_3_4_6,适用日期（周一、周二、周三、周四、周六）,14,08:14
大兴机场线,大兴新城,39.7340741,116.3594824,草桥,weekday_1_2_3_4_6,适用日期（周一、周二、周三、周四、周六）,15,08:23
大兴机场线,大兴新城,39.7340741,116.3594824,草桥,weekday_1_2_3_4_6,适用日期（周一、周二、周三、周四、周六）,16,08:33
大兴机场线,大兴新城,39.7340741,116.3594824,草桥,weekday_1_2_3_4_6,适用日期（周一、周二、周三、周四、周六）,17,08:42
大兴机场线,大兴新城,39.7340741,116.3594824,草桥,weekday_1_2_3_4_6,适用日期（周一、周二、周三、周四、周六）,18,08:51
大兴机场线,大兴新城,39.7340741,116.3594824,草桥,weekday_1_2_3_4_6,适用日期（周一、周二、周三、周四、周六）,19,09:01
大兴机场线,大兴新城,39.7340741,116.3594824,草桥,weekday_1_2_3_4_6,适用日期（周一、周二、周三、周四、周六）,20,09:10
大兴机场线,大兴新城,39.7340741,116.3594824,草桥,weekday_1_2_3_4_6,适用日期（周一、周二、周三、周四、周六）,21,09:19
大兴机场线,大兴新城,39.7340741,116.3594824,草桥,weekday_1_2_3_4_6,适用日期（周一、周二、周三、周四、周六）,22,09:29
大兴机场线,大兴新城,39.7340741,116.3594824,草桥,weekday_1_2_3_4_6,适用日期（周一、周二、周三、周四、周六）,23,09:38
大兴机场线,大兴新城,39.7340741,116.3594824,草桥,weekday_1_2_3_4_6,适用日期（周一、周二、周三、周四、周六）,24,09:47
大兴机场线,大兴新城,39.7340741,116.3594824,草桥,weekday_1_2_3_4_6,适用日期（周一、周二、周三、周四、周六）,25,09:57
大兴机场线,大兴新城,39.7340741,116.3594824,草桥,weekday_1_2_3_4_6,适用日期（周一、周二、周三、周四、周六）,26,10:06
大兴机场线,大兴新城,39.7340741,116.3594824,草桥,weekday_1_2_3_4_6,适用日期（周一、周二、周三、周四、周六）,27,10:15
大兴机场线,大兴新城,39.7340741,116.3594824,草桥,weekday_1_2_3_4_6,适用日期（周一、周二、周三、周四、周六）,28,10:25
大兴机场线,大兴新城,39.7340741,116.3594824,草桥,weekday_1_2_3_4_6,适用日期（周一、周二、周三、周四、周六）,29,10:34
大兴机场线,大兴新城,39.7340741,116.3594824,草桥,weekday_1_2_3_4_6,适用日期（周一、周二、周三、周四、周六）,30,10:43
大兴机场线,大兴新城,39.7340741,116.3594824,草桥,weekday_1_2_3_4_6,适用日期（周一、周二、周三、周四、周六）,31,10:53
大兴机场线,大兴新城,39.7340741,116.3594824,草桥,weekday_1_2_3_4_6,适用日期（周一、周二、周三、周四、周六）,32,11:02
大兴机场线,大兴新城,39.7340741,116.3594824,草桥,weekday_1_2_3_4_6,适用日期（周一、周二、周三、周四、周六）,33,11:11
大兴机场线,大兴新城,39.7340741,116.3594824,草桥,weekday_1_2_3_4_6,适用日期（周一、周二、周三、周四、周六）,34,11:21
大兴机场线,大兴新城,39.7340741,116.3594824,草桥,weekday_1_2_3_4_6,适用日期（周一、周二、周三、周四、周六）,35,11:30
大兴机场线,大兴新城,39.7340741,116.3594824,草桥,weekday_1_2_3_4_6,适用日期（周一、周二、周三、周四、周六）,36,11:39
大兴机场线,大兴新城,39.7340741,116.3594824,草桥,weekday_1_2_3_4_6,适用日期（周一、周二、周三、周四、周六）,37,11:49
大兴机场线,大兴新城,39.7340741,116.3594824,草桥,weekday_1_2_3_4_6,适用日期（周一、周二、周三、周四、周六）,38,11:58
大兴机场线,大兴新城,39.7340741,116.3594824,草桥,weekday_1_2_3_4_6,适用日期（周一、周二、周三、周四、周六）,39,12:07
大兴机场线,大兴新城,39.7340741,116.3594824,草桥,weekday_1_2_3_4_6,适用日期（周一、周二、周三、周四、周六）,40,12:17
大兴机场线,大兴新城,39.7340741,116.3594824,草桥,weekday_1_2_3_4_6,适用日期（周一、周二、周三、周四、周六）,41,12:26
大兴机场线,大兴新城,39.7340741,116.3594824,草桥,weekday_1_2_3_4_6,适用日期（周一、周二、周三、周四、周六）,42,12:35
大兴机场线,大兴新城,39.7340741,116.3594824,草桥,weekday_1_2_3_4_6,适用日期（周一、周二、周三、周四、周六）,43,12:45
大兴机场线,大兴新城,39.7340741,116.3594824,草桥,weekday_1_2_3_4_6,适用日期（周一、周二、周三、周四、周六）,44,12:54
大兴机场线,大兴新城,39.7340741,116.3594824,草桥,weekday_1_2_3_4_6,适用日期（周一、周二、周三、周四、周六）,45,13:03
大兴机场线,大兴新城,39.7340741,116.3594824,草桥,weekday_1_2_3_4_6,适用日期（周一、周二、周三、周四、周六）,46,13:13
大兴机场线,大兴新城,39.7340741,116.3594824,草桥,weekday_1_2_3_4_6,适用日期（周一、周二、周三、周四、周六）,47,13:22
大兴机场线,大兴新城,39.7340741,116.3594824,草桥,weekday_1_2_3_4_6,适用日期（周一、周二、周三、周四、周六）,48,13:31
大兴机场线,大兴新城,39.7340741,116.3594824,草桥,weekday_1_2_3_4_6,适用日期（周一、周二、周三、周四、周六）,49,13:41
大兴机场线,大兴新城,39.7340741,116.3594824,草桥,weekday_1_2_3_4_6,适用日期（周一、周二、周三、周四、周六）,50,13:50
大兴机场线,大兴新城,39.7340741,116.3594824,草桥,weekday_1_2_3_4_6,适用日期（周一、周二、周三、周四、周六）,51,13:59
大兴机场线,大兴新城,39.7340741,116.3594824,草桥,weekday_1_2_3_4_6,适用日期（周一、周二、周三、周四、周六）,52,14:09
大兴机场线,大兴新城,39.7340741,116.3594824,草桥,weekday_1_2_3_4_6,适用日期（周一、周二、周三、周四、周六）,53,14:18
大兴机场线,大兴新城,39.7340741,116.3594824,草桥,weekday_1_2_3_4_6,适用日期（周一、周二、周三、周四、周六）,54,14:27
大兴机场线,大兴新城,39.7340741,116.3594824,草桥,weekday_1_2_3_4_6,适用日期（周一、周二、周三、周四、周六）,55,14:37
大兴机场线,大兴新城,39.7340741,116.3594824,草桥,weekday_1_2_3_4_6,适用日期（周一、周二、周三、周四、周六）,56,14:46
大兴机场线,大兴新城,39.7340741,116.3594824,草桥,weekday_1_2_3_4_6,适用日期（周一、周二、周三、周四、周六）,57,14:55
大兴机场线,大兴新城,39.7340741,116.3594824,草桥,weekday_1_2_3_4_6,适用日期（周一、周二、周三、周四、周六）,58,15:05
大兴机场线,大兴新城,39.7340741,116.3594824,草桥,weekday_1_2_3_4_6,适用日期（周一、周二、周三、周四、周六）,59,15:14
大兴机场线,大兴新城,39.7340741,116.3594824,草桥,weekday_1_2_3_4_6,适用日期（周一、周二、周三、周四、周六）,60,15:23
大兴机场线,大兴新城,39.7340741,116.3594824,草桥,weekday_1_2_3_4_6,适用日期（周一、周二、周三、周四、周六）,61,15:33
大兴机场线,大兴新城,39.7340741,116.3594824,草桥,weekday_1_2_3_4_6,适用日期（周一、周二、周三、周四、周六）,62,15:42
大兴机场线,大兴新城,39.7340741,116.3594824,草桥,weekday_1_2_3_4_6,适用日期（周一、周二、周三、周四、周六）,63,15:51
大兴机场线,大兴新城,39.7340741,116.3594824,草桥,weekday_1_2_3_4_6,适用日期（周一、周二、周三、周四、周六）,64,16:01
大兴机场线,大兴新城,39.7340741,116.3594824,草桥,weekday_1_2_3_4_6,适用日期（周一、周二、周三、周四、周六）,65,16:10
大兴机场线,大兴新城,39.7340741,116.3594824,草桥,weekday_1_2_3_4_6,适用日期（周一、周二、周三、周四、周六）,66,16:19
大兴机场线,大兴新城,39.7340741,116.3594824,草桥,weekday_1_2_3_4_6,适用日期（周一、周二、周三、周四、周六）,67,16:29
大兴机场线,大兴新城,39.7340741,116.3594824,草桥,weekday_1_2_3_4_6,适用日期（周一、周二、周三、周四、周六）,68,16:38
大兴机场线,大兴新城,39.7340741,116.3594824,草桥,weekday_1_2_3_4_6,适用日期（周一、周二、周三、周四、周六）,69,16:47
大兴机场线,大兴新城,39.7340741,116.3594824,草桥,weekday_1_2_3_4_6,适用日期（周一、周二、周三、周四、周六）,70,16:57
大兴机场线,大兴新城,39.7340741,116.3594824,草桥,weekday_1_2_3_4_6,适用日期（周一、周二、周三、周四、周六）,71,17:06
大兴机场线,大兴新城,39.7340741,116.3594824,草桥,weekday_1_2_3_4_6,适用日期（周一、周二、周三、周四、周六）,72,17:15
大兴机场线,大兴新城,39.7340741,116.3594824,草桥,weekday_1_2_3_4_6,适用日期（周一、周二、周三、周四、周六）,73,17:25
大兴机场线,大兴新城,39.7340741,116.3594824,草桥,weekday_1_2_3_4_6,适用日期（周一、周二、周三、周四、周六）,74,17:34
大兴机场线,大兴新城,39.7340741,116.3594824,草桥,weekday_1_2_3_4_6,适用日期（周一、周二、周三、周四、周六）,75,17:43
大兴机场线,大兴新城,39.7340741,116.3594824,草桥,weekday_1_2_3_4_6,适用日期（周一、周二、周三、周四、周六）,76,17:53
大兴机场线,大兴新城,39.7340741,116.3594824,草桥,weekday_1_2_3_4_6,适用日期（周一、周二、周三、周四、周六）,77,18:02
大兴机场线,大兴新城,39.7340741,116.3594824,草桥,weekday_1_2_3_4_6,适用日期（周一、周二、周三、周四、周六）,78,18:11
大兴机场线,大兴新城,39.7340741,116.3594824,草桥,weekday_1_2_3_4_6,适用日期（周一、周二、周三、周四、周六）,79,18:21
大兴机场线,大兴新城,39.7340741,116.3594824,草桥,weekday_1_2_3_4_6,适用日期（周一、周二、周三、周四、周六）,80,18:30
大兴机场线,大兴新城,39.7340741,116.3594824,草桥,weekday_1_2_3_4_6,适用日期（周一、周二、周三、周四、周六）,81,18:39
大兴机场线,大兴新城,39.7340741,116.3594824,草桥,weekday_1_2_3_4_6,适用日期（周一、周二、周三、周四、周六）,82,18:49
大兴机场线,大兴新城,39.7340741,116.3594824,草桥,weekday_1_2_3_4_6,适用日期（周一、周二、周三、周四、周六）,83,18:58
大兴机场线,大兴新城,39.7340741,116.3594824,草桥,weekday_1_2_3_4_6,适用日期（周一、周二、周三、周四、周六）,84,19:07
大兴机场线,大兴新城,39.7340741,116.3594824,草桥,weekday_1_2_3_4_6,适用日期（周一、周二、周三、周四、周六）,85,19:17
大兴机场线,大兴新城,39.7340741,116.3594824,草桥,weekday_1_2_3_4_6,适用日期（周一、周二、周三、周四、周六）,86,19:26
大兴机场线,大兴新城,39.7340741,116.3594824,草桥,weekday_1_2_3_4_6,适用日期（周一、周二、周三、周四、周六）,87,19:35
大兴机场线,大兴新城,39.7340741,116.3594824,草桥,weekday_1_2_3_4_6,适用日期（周一、周二、周三、周四、周六）,88,19:45
大兴机场线,大兴新城,39.7340741,116.3594824,草桥,weekday_1_2_3_4_6,适用日期（周一、周二、周三、周四、周六）,89,19:54
大兴机场线,大兴新城,39.7340741,116.3594824,草桥,weekday_1_2_3_4_6,适用日期（周一、周二、周三、周四、周六）,90,20:03
大兴机场线,大兴新城,39.7340741,116.3594824,草桥,weekday_1_2_3_4_6,适用日期（周一、周二、周三、周四、周六）,91,20:13
大兴机场线,大兴新城,39.7340741,116.3594824,草桥,weekday_1_2_3_4_6,适用日期（周一、周二、周三、周四、周六）,92,20:22
大兴机场线,大兴新城,39.7340741,116.3594824,草桥,weekday_1_2_3_4_6,适用日期（周一、周二、周三、周四、周六）,93,20:31
大兴机场线,大兴新城,39.7340741,116.3594824,草桥,weekday_1_2_3_4_6,适用日期（周一、周二、周三、周四、周六）,94,20:41
大兴机场线,大兴新城,39.7340741,116.3594824,草桥,weekday_1_2_3_4_6,适用日期（周一、周二、周三、周四、周六）,95,20:50
大兴机场线,大兴新城,39.7340741,116.3594824,草桥,weekday_1_2_3_4_6,适用日期（周一、周二、周三、周四、周六）,96,20:59
大兴机场线,大兴新城,39.7340741,116.3594824,草桥,weekday_1_2_3_4_6,适用日期（周一、周二、周三、周四、周六）,97,21:09
大兴机场线,大兴新城,39.7340741,116.3594824,草桥,weekday_1_2_3_4_6,适用日期（周一、周二、周三、周四、周六）,98,21:18
大兴机场线,大兴新城,39.7340741,116.3594824,草桥,weekday_1_2_3_4_6,适用日期（周一、周二、周三、周四、周六）,99,21:27
大兴机场线,大兴新城,39.7340741,116.3594824,草桥,weekday_1_2_3_4_6,适用日期（周一、周二、周三、周四、周六）,100,21:37
大兴机场线,大兴新城,39.7340741,116.3594824,草桥,weekday_1_2_3_4_6,适用日期（周一、周二、周三、周四、周六）,101,21:46
大兴机场线,大兴新城,39.7340741,116.3594824,草桥,weekday_1_2_3_4_6,适用日期（周一、周二、周三、周四、周六）,102,21:55
大兴机场线,大兴新城,39.7340741,116.3594824,草桥,weekday_1_2_3_4_6,适用日期（周一、周二、周三、周四、周六）,103,22:05
大兴机场线,大兴新城,39.7340741,116.3594824,草桥,weekday_1_2_3_4_6,适用日期（周一、周二、周三、周四、周六）,104,22:14
大兴机场线,大兴新城,39.7340741,116.3594824,草桥,weekday_1_2_3_4_6,适用日期（周一、周二、周三、周四、周六）,105,22:23
大兴机场线,大兴新城,39.7340741,116.3594824,草桥,weekday_1_2_3_4_6,适用日期（周一、周二、周三、周四、周六）,106,22:33
大兴机场线,大兴新城,39.7340741,116.3594824,草桥,weekday_1_2_3_4_6,适用日期（周一、周二、周三、周四、周六）,107,22:42
大兴机场线,大兴新城,39.7340741,116.3594824,草桥,weekday_1_2_3_4_6,适用日期（周一、周二、周三、周四、周六）,108,22:57
大兴机场线,大兴新城,39.7340741,116.3594824,草桥,weekday_1_2_3_4_6,适用日期（周一、周二、周三、周四、周六）,109,23:12
大兴机场线,大兴新城,39.7340741,116.3594824,草桥,weekday_5,适用日期（周五）,1,06:12
大兴机场线,大兴新城,39.7340741,116.3594824,草桥,weekday_5,适用日期（周五）,2,06:22
大兴机场线,大兴新城,39.7340741,116.3594824,草桥,weekday_5,适用日期（周五）,3,06:30
大兴机场线,大兴新城,39.7340741,116.3594824,草桥,weekday_5,适用日期（周五）,4,06:38
大兴机场线,大兴新城,39.7340741,116.3594824,草桥,weekday_5,适用日期（周五）,5,06:46
大兴机场线,大兴新城,39.7340741,116.3594824,草桥,weekday_5,适用日期（周五）,6,06:54
大兴机场线,大兴新城,39.7340741,116.3594824,草桥,weekday_5,适用日期（周五）,7,07:02
大兴机场线,大兴新城,39.7340741,116.3594824,草桥,weekday_5,适用日期（周五）,8,07:10
大兴机场线,大兴新城,39.7340741,116.3594824,草桥,weekday_5,适用日期（周五）,9,07:18
大兴机场线,大兴新城,39.7340741,116.3594824,草桥,weekday_5,适用日期（周五）,10,07:26
大兴机场线,大兴新城,39.7340741,116.3594824,草桥,weekday_5,适用日期（周五）,11,07:34
大兴机场线,大兴新城,39.7340741,116.3594824,草桥,weekday_5,适用日期（周五）,12,07:42
大兴机场线,大兴新城,39.7340741,116.3594824,草桥,weekday_5,适用日期（周五）,13,07:50
大兴机场线,大兴新城,39.7340741,116.3594824,草桥,weekday_5,适用日期（周五）,14,07:58
大兴机场线,大兴新城,39.7340741,116.3594824,草桥,weekday_5,适用日期（周五）,15,08:06
大兴机场线,大兴新城,39.7340741,116.3594824,草桥,weekday_5,适用日期（周五）,16,08:14
大兴机场线,大兴新城,39.7340741,116.3594824,草桥,weekday_5,适用日期（周五）,17,08:22
大兴机场线,大兴新城,39.7340741,116.3594824,草桥,weekday_5,适用日期（周五）,18,08:30
大兴机场线,大兴新城,39.7340741,116.3594824,草桥,weekday_5,适用日期（周五）,19,08:38
大兴机场线,大兴新城,39.7340741,116.3594824,草桥,weekday_5,适用日期（周五）,20,08:46
大兴机场线,大兴新城,39.7340741,116.3594824,草桥,weekday_5,适用日期（周五）,21,08:54
大兴机场线,大兴新城,39.7340741,116.3594824,草桥,weekday_5,适用日期（周五）,22,09:02
大兴机场线,大兴新城,39.7340741,116.3594824,草桥,weekday_5,适用日期（周五）,23,09:10
大兴机场线,大兴新城,39.7340741,116.3594824,草桥,weekday_5,适用日期（周五）,24,09:18
大兴机场线,大兴新城,39.7340741,116.3594824,草桥,weekday_5,适用日期（周五）,25,09:26
大兴机场线,大兴新城,39.7340741,116.3594824,草桥,weekday_5,适用日期（周五）,26,09:34
大兴机场线,大兴新城,39.7340741,116.3594824,草桥,weekday_5,适用日期（周五）,27,09:42
大兴机场线,大兴新城,39.7340741,116.3594824,草桥,weekday_5,适用日期（周五）,28,09:50
大兴机场线,大兴新城,39.7340741,116.3594824,草桥,weekday_5,适用日期（周五）,29,09:58
大兴机场线,大兴新城,39.7340741,116.3594824,草桥,weekday_5,适用日期（周五）,30,10:06
大兴机场线,大兴新城,39.7340741,116.3594824,草桥,weekday_5,适用日期（周五）,31,10:14
大兴机场线,大兴新城,39.7340741,116.3594824,草桥,weekday_5,适用日期（周五）,32,10:22
大兴机场线,大兴新城,39.7340741,116.3594824,草桥,weekday_5,适用日期（周五）,33,10:30
大兴机场线,大兴新城,39.7340741,116.3594824,草桥,weekday_5,适用日期（周五）,34,10:38
大兴机场线,大兴新城,39.7340741,116.3594824,草桥,weekday_5,适用日期（周五）,35,10:46
大兴机场线,大兴新城,39.7340741,116.3594824,草桥,weekday_5,适用日期（周五）,36,10:54
大兴机场线,大兴新城,39.7340741,116.3594824,草桥,weekday_5,适用日期（周五）,37,11:02
大兴机场线,大兴新城,39.7340741,116.3594824,草桥,weekday_5,适用日期（周五）,38,11:10
大兴机场线,大兴新城,39.7340741,116.3594824,草桥,weekday_5,适用日期（周五）,39,11:18
大兴机场线,大兴新城,39.7340741,116.3594824,草桥,weekday_5,适用日期（周五）,40,11:26
大兴机场线,大兴新城,39.7340741,116.3594824,草桥,weekday_5,适用日期（周五）,41,11:34
大兴机场线,大兴新城,39.7340741,116.3594824,草桥,weekday_5,适用日期（周五）,42,11:42
大兴机场线,大兴新城,39.7340741,116.3594824,草桥,weekday_5,适用日期（周五）,43,11:50
大兴机场线,大兴新城,39.7340741,116.3594824,草桥,weekday_5,适用日期（周五）,44,11:58
大兴机场线,大兴新城,39.7340741,116.3594824,草桥,weekday_5,适用日期（周五）,45,12:06
大兴机场线,大兴新城,39.7340741,116.3594824,草桥,weekday_5,适用日期（周五）,46,12:14
大兴机场线,大兴新城,39.7340741,116.3594824,草桥,weekday_5,适用日期（周五）,47,12:22
大兴机场线,大兴新城,39.7340741,116.3594824,草桥,weekday_5,适用日期（周五）,48,12:30
大兴机场线,大兴新城,39.7340741,116.3594824,草桥,weekday_5,适用日期（周五）,49,12:38
大兴机场线,大兴新城,39.7340741,116.3594824,草桥,weekday_5,适用日期（周五）,50,12:46
大兴机场线,大兴新城,39.7340741,116.3594824,草桥,weekday_5,适用日期（周五）,51,12:54
大兴机场线,大兴新城,39.7340741,116.3594824,草桥,weekday_5,适用日期（周五）,52,13:02
大兴机场线,大兴新城,39.7340741,116.3594824,草桥,weekday_5,适用日期（周五）,53,13:10
大兴机场线,大兴新城,39.7340741,116.3594824,草桥,weekday_5,适用日期（周五）,54,13:18
大兴机场线,大兴新城,39.7340741,116.3594824,草桥,weekday_5,适用日期（周五）,55,13:26
大兴机场线,大兴新城,39.7340741,116.3594824,草桥,weekday_5,适用日期（周五）,56,13:34
大兴机场线,大兴新城,39.7340741,116.3594824,草桥,weekday_5,适用日期（周五）,57,13:42
大兴机场线,大兴新城,39.7340741,116.3594824,草桥,weekday_5,适用日期（周五）,58,13:50
大兴机场线,大兴新城,39.7340741,116.3594824,草桥,weekday_5,适用日期（周五）,59,13:58
大兴机场线,大兴新城,39.7340741,116.3594824,草桥,weekday_5,适用日期（周五）,60,14:06
大兴机场线,大兴新城,39.7340741,116.3594824,草桥,weekday_5,适用日期（周五）,61,14:14
大兴机场线,大兴新城,39.7340741,116.3594824,草桥,weekday_5,适用日期（周五）,62,14:22
大兴机场线,大兴新城,39.7340741,116.3594824,草桥,weekday_5,适用日期（周五）,63,14:30
大兴机场线,大兴新城,39.7340741,116.3594824,草桥,weekday_5,适用日期（周五）,64,14:38
大兴机场线,大兴新城,39.7340741,116.3594824,草桥,weekday_5,适用日期（周五）,65,14:46
大兴机场线,大兴新城,39.7340741,116.3594824,草桥,weekday_5,适用日期（周五）,66,14:54
大兴机场线,大兴新城,39.7340741,116.3594824,草桥,weekday_5,适用日期（周五）,67,15:02
大兴机场线,大兴新城,39.7340741,116.3594824,草桥,weekday_5,适用日期（周五）,68,15:10
大兴机场线,大兴新城,39.7340741,116.3594824,草桥,weekday_5,适用日期（周五）,69,15:18
大兴机场线,大兴新城,39.7340741,116.3594824,草桥,weekday_5,适用日期（周五）,70,15:26
大兴机场线,大兴新城,39.7340741,116.3594824,草桥,weekday_5,适用日期（周五）,71,15:34
大兴机场线,大兴新城,39.7340741,116.3594824,草桥,weekday_5,适用日期（周五）,72,15:42
大兴机场线,大兴新城,39.7340741,116.3594824,草桥,weekday_5,适用日期（周五）,73,15:50
大兴机场线,大兴新城,39.7340741,116.3594824,草桥,weekday_5,适用日期（周五）,74,15:58
大兴机场线,大兴新城,39.7340741,116.3594824,草桥,weekday_5,适用日期（周五）,75,16:06
大兴机场线,大兴新城,39.7340741,116.3594824,草桥,weekday_5,适用日期（周五）,76,16:14
大兴机场线,大兴新城,39.7340741,116.3594824,草桥,weekday_5,适用日期（周五）,77,16:22
大兴机场线,大兴新城,39.7340741,116.3594824,草桥,weekday_5,适用日期（周五）,78,16:30
大兴机场线,大兴新城,39.7340741,116.3594824,草桥,weekday_5,适用日期（周五）,79,16:38
大兴机场线,大兴新城,39.7340741,116.3594824,草桥,weekday_5,适用日期（周五）,80,16:46
大兴机场线,大兴新城,39.7340741,116.3594824,草桥,weekday_5,适用日期（周五）,81,16:54
大兴机场线,大兴新城,39.7340741,116.3594824,草桥,weekday_5,适用日期（周五）,82,17:02
大兴机场线,大兴新城,39.7340741,116.3594824,草桥,weekday_5,适用日期（周五）,83,17:10
大兴机场线,大兴新城,39.7340741,116.3594824,草桥,weekday_5,适用日期（周五）,84,17:18
大兴机场线,大兴新城,39.7340741,116.3594824,草桥,weekday_5,适用日期（周五）,85,17:26
大兴机场线,大兴新城,39.7340741,116.3594824,草桥,weekday_5,适用日期（周五）,86,17:34
大兴机场线,大兴新城,39.7340741,116.3594824,草桥,weekday_5,适用日期（周五）,87,17:42
大兴机场线,大兴新城,39.7340741,116.3594824,草桥,weekday_5,适用日期（周五）,88,17:50
大兴机场线,大兴新城,39.7340741,116.3594824,草桥,weekday_5,适用日期（周五）,89,17:58
大兴机场线,大兴新城,39.7340741,116.3594824,草桥,weekday_5,适用日期（周五）,90,18:06
大兴机场线,大兴新城,39.7340741,116.3594824,草桥,weekday_5,适用日期（周五）,91,18:14
大兴机场线,大兴新城,39.7340741,116.3594824,草桥,weekday_5,适用日期（周五）,92,18:22
大兴机场线,大兴新城,39.7340741,116.3594824,草桥,weekday_5,适用日期（周五）,93,18:30
大兴机场线,大兴新城,39.7340741,116.3594824,草桥,weekday_5,适用日期（周五）,94,18:38
大兴机场线,大兴新城,39.7340741,116.3594824,草桥,weekday_5,适用日期（周五）,95,18:46
大兴机场线,大兴新城,39.7340741,116.3594824,草桥,weekday_5,适用日期（周五）,96,18:54
大兴机场线,大兴新城,39.7340741,116.3594824,草桥,weekday_5,适用日期（周五）,97,19:02
大兴机场线,大兴新城,39.7340741,116.3594824,草桥,weekday_5,适用日期（周五）,98,19:10
大兴机场线,大兴新城,39.7340741,116.3594824,草桥,weekday_5,适用日期（周五）,99,19:18
大兴机场线,大兴新城,39.7340741,116.3594824,草桥,weekday_5,适用日期（周五）,100,19:26
大兴机场线,大兴新城,39.7340741,116.3594824,草桥,weekday_5,适用日期（周五）,101,19:34
大兴机场线,大兴新城,39.7340741,116.3594824,草桥,weekday_5,适用日期（周五）,102,19:42
大兴机场线,大兴新城,39.7340741,116.3594824,草桥,weekday_5,适用日期（周五）,103,19:50
大兴机场线,大兴新城,39.7340741,116.3594824,草桥,weekday_5,适用日期（周五）,104,19:58
大兴机场线,大兴新城,39.7340741,116.3594824,草桥,weekday_5,适用日期（周五）,105,20:06
大兴机场线,大兴新城,39.7340741,116.3594824,草桥,weekday_5,适用日期（周五）,106,20:14
大兴机场线,大兴新城,39.7340741,116.3594824,草桥,weekday_5,适用日期（周五）,107,20:22
大兴机场线,大兴新城,39.7340741,116.3594824,草桥,weekday_5,适用日期（周五）,108,20:30
大兴机场线,大兴新城,39.7340741,116.3594824,草桥,weekday_5,适用日期（周五）,109,20:38
大兴机场线,大兴新城,39.7340741,116.3594824,草桥,weekday_5,适用日期（周五）,110,20:46
大兴机场线,大兴新城,39.7340741,116.3594824,草桥,weekday_5,适用日期（周五）,111,20:55
大兴机场线,大兴新城,39.7340741,116.3594824,草桥,weekday_5,适用日期（周五）,112,21:05
大兴机场线,大兴新城,39.7340741,116.3594824,草桥,weekday_5,适用日期（周五）,113,21:14
大兴机场线,大兴新城,39.7340741,116.3594824,草桥,weekday_5,适用日期（周五）,114,21:23
大兴机场线,大兴新城,39.7340741,116.3594824,草桥,weekday_5,适用日期（周五）,115,21:33
大兴机场线,大兴新城,39.7340741,116.3594824,草桥,weekday_5,适用日期（周五）,116,21:42
大兴机场线,大兴新城,39.7340741,116.3594824,草桥,weekday_5,适用日期（周五）,117,21:51
大兴机场线,大兴新城,39.7340741,116.3594824,草桥,weekday_5,适用日期（周五）,118,22:01
大兴机场线,大兴新城,39.7340741,116.3594824,草桥,weekday_5,适用日期（周五）,119,22:11
大兴机场线,大兴新城,39.7340741,116.3594824,草桥,weekday_5,适用日期（周五）,120,22:21
大兴机场线,大兴新城,39.7340741,116.3594824,草桥,weekday_5,适用日期（周五）,121,22:31
大兴机场线,大兴新城,39.7340741,116.3594824,草桥,weekday_5,适用日期（周五）,122,22:42
大兴机场线,大兴新城,39.7340741,116.3594824,草桥,weekday_5,适用日期（周五）,123,22:57
大兴机场线,大兴新城,39.7340741,116.3594824,草桥,weekday_5,适用日期（周五）,124,23:12
大兴机场线,大兴新城,39.7340741,116.3594824,草桥,weekday_7,适用日期（周日）,1,06:12
大兴机场线,大兴新城,39.7340741,116.3594824,草桥,weekday_7,适用日期（周日）,2,06:22
大兴机场线,大兴新城,39.7340741,116.3594824,草桥,weekday_7,适用日期（周日）,3,06:31
大兴机场线,大兴新城,39.7340741,116.3594824,草桥,weekday_7,适用日期（周日）,4,06:41
大兴机场线,大兴新城,39.7340741,116.3594824,草桥,weekday_7,适用日期（周日）,5,06:50
大兴机场线,大兴新城,39.7340741,116.3594824,草桥,weekday_7,适用日期（周日）,6,06:59
大兴机场线,大兴新城,39.7340741,116.3594824,草桥,weekday_7,适用日期（周日）,7,07:09
大兴机场线,大兴新城,39.7340741,116.3594824,草桥,weekday_7,适用日期（周日）,8,07:18
大兴机场线,大兴新城,39.7340741,116.3594824,草桥,weekday_7,适用日期（周日）,9,07:27
大兴机场线,大兴新城,39.7340741,116.3594824,草桥,weekday_7,适用日期（周日）,10,07:37
大兴机场线,大兴新城,39.7340741,116.3594824,草桥,weekday_7,适用日期（周日）,11,07:46
大兴机场线,大兴新城,39.7340741,116.3594824,草桥,weekday_7,适用日期（周日）,12,07:55
大兴机场线,大兴新城,39.7340741,116.3594824,草桥,weekday_7,适用日期（周日）,13,08:05
大兴机场线,大兴新城,39.7340741,116.3594824,草桥,weekday_7,适用日期（周日）,14,08:14
大兴机场线,大兴新城,39.7340741,116.3594824,草桥,weekday_7,适用日期（周日）,15,08:23
大兴机场线,大兴新城,39.7340741,116.3594824,草桥,weekday_7,适用日期（周日）,16,08:33
大兴机场线,大兴新城,39.7340741,116.3594824,草桥,weekday_7,适用日期（周日）,17,08:42
大兴机场线,大兴新城,39.7340741,116.3594824,草桥,weekday_7,适用日期（周日）,18,08:51
大兴机场线,大兴新城,39.7340741,116.3594824,草桥,weekday_7,适用日期（周日）,19,09:01
大兴机场线,大兴新城,39.7340741,116.3594824,草桥,weekday_7,适用日期（周日）,20,09:10
大兴机场线,大兴新城,39.7340741,116.3594824,草桥,weekday_7,适用日期（周日）,21,09:19
大兴机场线,大兴新城,39.7340741,116.3594824,草桥,weekday_7,适用日期（周日）,22,09:29
大兴机场线,大兴新城,39.7340741,116.3594824,草桥,weekday_7,适用日期（周日）,23,09:38
大兴机场线,大兴新城,39.7340741,116.3594824,草桥,weekday_7,适用日期（周日）,24,09:47
大兴机场线,大兴新城,39.7340741,116.3594824,草桥,weekday_7,适用日期（周日）,25,09:57
大兴机场线,大兴新城,39.7340741,116.3594824,草桥,weekday_7,适用日期（周日）,26,10:06
大兴机场线,大兴新城,39.7340741,116.3594824,草桥,weekday_7,适用日期（周日）,27,10:15
大兴机场线,大兴新城,39.7340741,116.3594824,草桥,weekday_7,适用日期（周日）,28,10:25
大兴机场线,大兴新城,39.7340741,116.3594824,草桥,weekday_7,适用日期（周日）,29,10:34
大兴机场线,大兴新城,39.7340741,116.3594824,草桥,weekday_7,适用日期（周日）,30,10:43
大兴机场线,大兴新城,39.7340741,116.3594824,草桥,weekday_7,适用日期（周日）,31,10:53
大兴机场线,大兴新城,39.7340741,116.3594824,草桥,weekday_7,适用日期（周日）,32,11:02
大兴机场线,大兴新城,39.7340741,116.3594824,草桥,weekday_7,适用日期（周日）,33,11:11
大兴机场线,大兴新城,39.7340741,116.3594824,草桥,weekday_7,适用日期（周日）,34,11:21
大兴机场线,大兴新城,39.7340741,116.3594824,草桥,weekday_7,适用日期（周日）,35,11:30
大兴机场线,大兴新城,39.7340741,116.3594824,草桥,weekday_7,适用日期（周日）,36,11:39
大兴机场线,大兴新城,39.7340741,116.3594824,草桥,weekday_7,适用日期（周日）,37,11:49
大兴机场线,大兴新城,39.7340741,116.3594824,草桥,weekday_7,适用日期（周日）,38,11:58
大兴机场线,大兴新城,39.7340741,116.3594824,草桥,weekday_7,适用日期（周日）,39,12:07
大兴机场线,大兴新城,39.7340741,116.3594824,草桥,weekday_7,适用日期（周日）,40,12:17
大兴机场线,大兴新城,39.7340741,116.3594824,草桥,weekday_7,适用日期（周日）,41,12:26
大兴机场线,大兴新城,39.7340741,116.3594824,草桥,weekday_7,适用日期（周日）,42,12:35
大兴机场线,大兴新城,39.7340741,116.3594824,草桥,weekday_7,适用日期（周日）,43,12:45
大兴机场线,大兴新城,39.7340741,116.3594824,草桥,weekday_7,适用日期（周日）,44,12:54
大兴机场线,大兴新城,39.7340741,116.3594824,草桥,weekday_7,适用日期（周日）,45,13:03
大兴机场线,大兴新城,39.7340741,116.3594824,草桥,weekday_7,适用日期（周日）,46,13:13
大兴机场线,大兴新城,39.7340741,116.3594824,草桥,weekday_7,适用日期（周日）,47,13:22
大兴机场线,大兴新城,39.7340741,116.3594824,草桥,weekday_7,适用日期（周日）,48,13:31
大兴机场线,大兴新城,39.7340741,116.3594824,草桥,weekday_7,适用日期（周日）,49,13:41
大兴机场线,大兴新城,39.7340741,116.3594824,草桥,weekday_7,适用日期（周日）,50,13:50
大兴机场线,大兴新城,39.7340741,116.3594824,草桥,weekday_7,适用日期（周日）,51,13:59
大兴机场线,大兴新城,39.7340741,116.3594824,草桥,weekday_7,适用日期（周日）,52,14:09
大兴机场线,大兴新城,39.7340741,116.3594824,草桥,weekday_7,适用日期（周日）,53,14:18
大兴机场线,大兴新城,39.7340741,116.3594824,草桥,weekday_7,适用日期（周日）,54,14:27
大兴机场线,大兴新城,39.7340741,116.3594824,草桥,weekday_7,适用日期（周日）,55,14:37
大兴机场线,大兴新城,39.7340741,116.3594824,草桥,weekday_7,适用日期（周日）,56,14:46
大兴机场线,大兴新城,39.7340741,116.3594824,草桥,weekday_7,适用日期（周日）,57,14:55
大兴机场线,大兴新城,39.7340741,116.3594824,草桥,weekday_7,适用日期（周日）,58,15:05
大兴机场线,大兴新城,39.7340741,116.3594824,草桥,weekday_7,适用日期（周日）,59,15:14
大兴机场线,大兴新城,39.7340741,116.3594824,草桥,weekday_7,适用日期（周日）,60,15:23
大兴机场线,大兴新城,39.7340741,116.3594824,草桥,weekday_7,适用日期（周日）,61,15:33
大兴机场线,大兴新城,39.7340741,116.3594824,草桥,weekday_7,适用日期（周日）,62,15:42
大兴机场线,大兴新城,39.7340741,116.3594824,草桥,weekday_7,适用日期（周日）,63,15:51
大兴机场线,大兴新城,39.7340741,116.3594824,草桥,weekday_7,适用日期（周日）,64,16:01
大兴机场线,大兴新城,39.7340741,116.3594824,草桥,weekday_7,适用日期（周日）,65,16:10
大兴机场线,大兴新城,39.7340741,116.3594824,草桥,weekday_7,适用日期（周日）,66,16:19
大兴机场线,大兴新城,39.7340741,116.3594824,草桥,weekday_7,适用日期（周日）,67,16:29
大兴机场线,大兴新城,39.7340741,116.3594824,草桥,weekday_7,适用日期（周日）,68,16:38
大兴机场线,大兴新城,39.7340741,116.3594824,草桥,weekday_7,适用日期（周日）,69,16:47
大兴机场线,大兴新城,39.7340741,116.3594824,草桥,weekday_7,适用日期（周日）,70,16:57
大兴机场线,大兴新城,39.7340741,116.3594824,草桥,weekday_7,适用日期（周日）,71,17:06
大兴机场线,大兴新城,39.7340741,116.3594824,草桥,weekday_7,适用日期（周日）,72,17:15
大兴机场线,大兴新城,39.7340741,116.3594824,草桥,weekday_7,适用日期（周日）,73,17:25
大兴机场线,大兴新城,39.7340741,116.3594824,草桥,weekday_7,适用日期（周日）,74,17:34
大兴机场线,大兴新城,39.7340741,116.3594824,草桥,weekday_7,适用日期（周日）,75,17:43
大兴机场线,大兴新城,39.7340741,116.3594824,草桥,weekday_7,适用日期（周日）,76,17:53
大兴机场线,大兴新城,39.7340741,116.3594824,草桥,weekday_7,适用日期（周日）,77,18:02
大兴机场线,大兴新城,39.7340741,116.3594824,草桥,weekday_7,适用日期（周日）,78,18:11
大兴机场线,大兴新城,39.7340741,116.3594824,草桥,weekday_7,适用日期（周日）,79,18:21
大兴机场线,大兴新城,39.7340741,116.3594824,草桥,weekday_7,适用日期（周日）,80,18:30
大兴机场线,大兴新城,39.7340741,116.3594824,草桥,weekday_7,适用日期（周日）,81,18:39
大兴机场线,大兴新城,39.7340741,116.3594824,草桥,weekday_7,适用日期（周日）,82,18:49
大兴机场线,大兴新城,39.7340741,116.3594824,草桥,weekday_7,适用日期（周日）,83,18:58
大兴机场线,大兴新城,39.7340741,116.3594824,草桥,weekday_7,适用日期（周日）,84,19:07
大兴机场线,大兴新城,39.7340741,116.3594824,草桥,weekday_7,适用日期（周日）,85,19:17
大兴机场线,大兴新城,39.7340741,116.3594824,草桥,weekday_7,适用日期（周日）,86,19:26
大兴机场线,大兴新城,39.7340741,116.3594824,草桥,weekday_7,适用日期（周日）,87,19:35
大兴机场线,大兴新城,39.7340741,116.3594824,草桥,weekday_7,适用日期（周日）,88,19:45
大兴机场线,大兴新城,39.7340741,116.3594824,草桥,weekday_7,适用日期（周日）,89,19:54
大兴机场线,大兴新城,39.7340741,116.3594824,草桥,weekday_7,适用日期（周日）,90,20:03
大兴机场线,大兴新城,39.7340741,116.3594824,草桥,weekday_7,适用日期（周日）,91,20:13
大兴机场线,大兴新城,39.7340741,116.3594824,草桥,weekday_7,适用日期（周日）,92,20:22
大兴机场线,大兴新城,39.7340741,116.3594824,草桥,weekday_7,适用日期（周日）,93,20:31
大兴机场线,大兴新城,39.7340741,116.3594824,草桥,weekday_7,适用日期（周日）,94,20:41
大兴机场线,大兴新城,39.7340741,116.3594824,草桥,weekday_7,适用日期（周日）,95,20:50
大兴机场线,大兴新城,39.7340741,116.3594824,草桥,weekday_7,适用日期（周日）,96,20:59
大兴机场线,大兴新城,39.7340741,116.3594824,草桥,weekday_7,适用日期（周日）,97,21:09
大兴机场线,大兴新城,39.7340741,116.3594824,草桥,weekday_7,适用日期（周日）,98,21:18
大兴机场线,大兴新城,39.7340741,116.3594824,草桥,weekday_7,适用日期（周日）,99,21:27
大兴机场线,大兴新城,39.7340741,116.3594824,草桥,weekday_7,适用日期（周日）,100,21:37
大兴机场线,大兴新城,39.7340741,116.3594824,草桥,weekday_7,适用日期（周日）,101,21:46
大兴机场线,大兴新城,39.7340741,116.3594824,草桥,weekday_7,适用日期（周日）,102,21:55
大兴机场线,大兴新城,39.7340741,116.3594824,草桥,weekday_7,适用日期（周日）,103,22:05
大兴机场线,大兴新城,39.7340741,116.3594824,草桥,weekday_7,适用日期（周日）,104,22:14
大兴机场线,大兴新城,39.7340741,116.3594824,草桥,weekday_7,适用日期（周日）,105,22:23
大兴机场线,大兴新城,39.7340741,116.3594824,草桥,weekday_7,适用日期（周日）,106,22:33
大兴机场线,大兴新城,39.7340741,116.3594824,草桥,weekday_7,适用日期（周日）,107,22:42
大兴机场线,大兴新城,39.7340741,116.3594824,草桥,weekday_7,适用日期（周日）,108,22:57
大兴机场线,大兴新城,39.7340741,116.3594824,草桥,weekday_7,适用日期（周日）,109,23:12
大兴机场线,大兴新城,39.7340741,116.3594824,草桥,weekday_7,适用日期（周日）,110,23:27
大兴机场线,大兴新城,39.7340741,116.3594824,草桥,weekday_7,适用日期（周日）,111,23:42
大兴机场线,大兴新城,39.7340741,116.3594824,大兴机场,weekday_1_2_3_4_6_7,适用日期（周一、周二、周三、周四、周六、周日）,1,05:37
大兴机场线,大兴新城,39.7340741,116.3594824,大兴机场,weekday_1_2_3_4_6_7,适用日期（周一、周二、周三、周四、周六、周日）,2,05:47
大兴机场线,大兴新城,39.7340741,116.3594824,大兴机场,weekday_1_2_3_4_6_7,适用日期（周一、周二、周三、周四、周六、周日）,3,05:56
大兴机场线,大兴新城,39.7340741,116.3594824,大兴机场,weekday_1_2_3_4_6_7,适用日期（周一、周二、周三、周四、周六、周日）,4,06:06
大兴机场线,大兴新城,39.7340741,116.3594824,大兴机场,weekday_1_2_3_4_6_7,适用日期（周一、周二、周三、周四、周六、周日）,5,06:16
大兴机场线,大兴新城,39.7340741,116.3594824,大兴机场,weekday_1_2_3_4_6_7,适用日期（周一、周二、周三、周四、周六、周日）,6,06:26
大兴机场线,大兴新城,39.7340741,116.3594824,大兴机场,weekday_1_2_3_4_6_7,适用日期（周一、周二、周三、周四、周六、周日）,7,06:35
大兴机场线,大兴新城,39.7340741,116.3594824,大兴机场,weekday_1_2_3_4_6_7,适用日期（周一、周二、周三、周四、周六、周日）,8,06:44
大兴机场线,大兴新城,39.7340741,116.3594824,大兴机场,weekday_1_2_3_4_6_7,适用日期（周一、周二、周三、周四、周六、周日）,9,06:54
大兴机场线,大兴新城,39.7340741,116.3594824,大兴机场,weekday_1_2_3_4_6_7,适用日期（周一、周二、周三、周四、周六、周日）,10,07:03
大兴机场线,大兴新城,39.7340741,116.3594824,大兴机场,weekday_1_2_3_4_6_7,适用日期（周一、周二、周三、周四、周六、周日）,11,07:12
大兴机场线,大兴新城,39.7340741,116.3594824,大兴机场,weekday_1_2_3_4_6_7,适用日期（周一、周二、周三、周四、周六、周日）,12,07:22
大兴机场线,大兴新城,39.7340741,116.3594824,大兴机场,weekday_1_2_3_4_6_7,适用日期（周一、周二、周三、周四、周六、周日）,13,07:31
大兴机场线,大兴新城,39.7340741,116.3594824,大兴机场,weekday_1_2_3_4_6_7,适用日期（周一、周二、周三、周四、周六、周日）,14,07:40
大兴机场线,大兴新城,39.7340741,116.3594824,大兴机场,weekday_1_2_3_4_6_7,适用日期（周一、周二、周三、周四、周六、周日）,15,07:50
大兴机场线,大兴新城,39.7340741,116.3594824,大兴机场,weekday_1_2_3_4_6_7,适用日期（周一、周二、周三、周四、周六、周日）,16,07:59
大兴机场线,大兴新城,39.7340741,116.3594824,大兴机场,weekday_1_2_3_4_6_7,适用日期（周一、周二、周三、周四、周六、周日）,17,08:08
大兴机场线,大兴新城,39.7340741,116.3594824,大兴机场,weekday_1_2_3_4_6_7,适用日期（周一、周二、周三、周四、周六、周日）,18,08:18
大兴机场线,大兴新城,39.7340741,116.3594824,大兴机场,weekday_1_2_3_4_6_7,适用日期（周一、周二、周三、周四、周六、周日）,19,08:27
大兴机场线,大兴新城,39.7340741,116.3594824,大兴机场,weekday_1_2_3_4_6_7,适用日期（周一、周二、周三、周四、周六、周日）,20,08:36
大兴机场线,大兴新城,39.7340741,116.3594824,大兴机场,weekday_1_2_3_4_6_7,适用日期（周一、周二、周三、周四、周六、周日）,21,08:46
大兴机场线,大兴新城,39.7340741,116.3594824,大兴机场,weekday_1_2_3_4_6_7,适用日期（周一、周二、周三、周四、周六、周日）,22,08:55
大兴机场线,大兴新城,39.7340741,116.3594824,大兴机场,weekday_1_2_3_4_6_7,适用日期（周一、周二、周三、周四、周六、周日）,23,09:04
大兴机场线,大兴新城,39.7340741,116.3594824,大兴机场,weekday_1_2_3_4_6_7,适用日期（周一、周二、周三、周四、周六、周日）,24,09:14
大兴机场线,大兴新城,39.7340741,116.3594824,大兴机场,weekday_1_2_3_4_6_7,适用日期（周一、周二、周三、周四、周六、周日）,25,09:23
大兴机场线,大兴新城,39.7340741,116.3594824,大兴机场,weekday_1_2_3_4_6_7,适用日期（周一、周二、周三、周四、周六、周日）,26,09:32
大兴机场线,大兴新城,39.7340741,116.3594824,大兴机场,weekday_1_2_3_4_6_7,适用日期（周一、周二、周三、周四、周六、周日）,27,09:42
大兴机场线,大兴新城,39.7340741,116.3594824,大兴机场,weekday_1_2_3_4_6_7,适用日期（周一、周二、周三、周四、周六、周日）,28,09:51
大兴机场线,大兴新城,39.7340741,116.3594824,大兴机场,weekday_1_2_3_4_6_7,适用日期（周一、周二、周三、周四、周六、周日）,29,10:00
大兴机场线,大兴新城,39.7340741,116.3594824,大兴机场,weekday_1_2_3_4_6_7,适用日期（周一、周二、周三、周四、周六、周日）,30,10:10
大兴机场线,大兴新城,39.7340741,116.3594824,大兴机场,weekday_1_2_3_4_6_7,适用日期（周一、周二、周三、周四、周六、周日）,31,10:19
大兴机场线,大兴新城,39.7340741,116.3594824,大兴机场,weekday_1_2_3_4_6_7,适用日期（周一、周二、周三、周四、周六、周日）,32,10:28
大兴机场线,大兴新城,39.7340741,116.3594824,大兴机场,weekday_1_2_3_4_6_7,适用日期（周一、周二、周三、周四、周六、周日）,33,10:38
大兴机场线,大兴新城,39.7340741,116.3594824,大兴机场,weekday_1_2_3_4_6_7,适用日期（周一、周二、周三、周四、周六、周日）,34,10:47
大兴机场线,大兴新城,39.7340741,116.3594824,大兴机场,weekday_1_2_3_4_6_7,适用日期（周一、周二、周三、周四、周六、周日）,35,10:56
大兴机场线,大兴新城,39.7340741,116.3594824,大兴机场,weekday_1_2_3_4_6_7,适用日期（周一、周二、周三、周四、周六、周日）,36,11:06
大兴机场线,大兴新城,39.7340741,116.3594824,大兴机场,weekday_1_2_3_4_6_7,适用日期（周一、周二、周三、周四、周六、周日）,37,11:15
大兴机场线,大兴新城,39.7340741,116.3594824,大兴机场,weekday_1_2_3_4_6_7,适用日期（周一、周二、周三、周四、周六、周日）,38,11:24
大兴机场线,大兴新城,39.7340741,116.3594824,大兴机场,weekday_1_2_3_4_6_7,适用日期（周一、周二、周三、周四、周六、周日）,39,11:34
大兴机场线,大兴新城,39.7340741,116.3594824,大兴机场,weekday_1_2_3_4_6_7,适用日期（周一、周二、周三、周四、周六、周日）,40,11:43
大兴机场线,大兴新城,39.7340741,116.3594824,大兴机场,weekday_1_2_3_4_6_7,适用日期（周一、周二、周三、周四、周六、周日）,41,11:52
大兴机场线,大兴新城,39.7340741,116.3594824,大兴机场,weekday_1_2_3_4_6_7,适用日期（周一、周二、周三、周四、周六、周日）,42,12:02
大兴机场线,大兴新城,39.7340741,116.3594824,大兴机场,weekday_1_2_3_4_6_7,适用日期（周一、周二、周三、周四、周六、周日）,43,12:11
大兴机场线,大兴新城,39.7340741,116.3594824,大兴机场,weekday_1_2_3_4_6_7,适用日期（周一、周二、周三、周四、周六、周日）,44,12:20
大兴机场线,大兴新城,39.7340741,116.3594824,大兴机场,weekday_1_2_3_4_6_7,适用日期（周一、周二、周三、周四、周六、周日）,45,12:30
大兴机场线,大兴新城,39.7340741,116.3594824,大兴机场,weekday_1_2_3_4_6_7,适用日期（周一、周二、周三、周四、周六、周日）,46,12:39
大兴机场线,大兴新城,39.7340741,116.3594824,大兴机场,weekday_1_2_3_4_6_7,适用日期（周一、周二、周三、周四、周六、周日）,47,12:48
大兴机场线,大兴新城,39.7340741,116.3594824,大兴机场,weekday_1_2_3_4_6_7,适用日期（周一、周二、周三、周四、周六、周日）,48,12:58
大兴机场线,大兴新城,39.7340741,116.3594824,大兴机场,weekday_1_2_3_4_6_7,适用日期（周一、周二、周三、周四、周六、周日）,49,13:07
大兴机场线,大兴新城,39.7340741,116.3594824,大兴机场,weekday_1_2_3_4_6_7,适用日期（周一、周二、周三、周四、周六、周日）,50,13:16
大兴机场线,大兴新城,39.7340741,116.3594824,大兴机场,weekday_1_2_3_4_6_7,适用日期（周一、周二、周三、周四、周六、周日）,51,13:26
大兴机场线,大兴新城,39.7340741,116.3594824,大兴机场,weekday_1_2_3_4_6_7,适用日期（周一、周二、周三、周四、周六、周日）,52,13:35
大兴机场线,大兴新城,39.7340741,116.3594824,大兴机场,weekday_1_2_3_4_6_7,适用日期（周一、周二、周三、周四、周六、周日）,53,13:44
大兴机场线,大兴新城,39.7340741,116.3594824,大兴机场,weekday_1_2_3_4_6_7,适用日期（周一、周二、周三、周四、周六、周日）,54,13:54
大兴机场线,大兴新城,39.7340741,116.3594824,大兴机场,weekday_1_2_3_4_6_7,适用日期（周一、周二、周三、周四、周六、周日）,55,14:03
大兴机场线,大兴新城,39.7340741,116.3594824,大兴机场,weekday_1_2_3_4_6_7,适用日期（周一、周二、周三、周四、周六、周日）,56,14:12
大兴机场线,大兴新城,39.7340741,116.3594824,大兴机场,weekday_1_2_3_4_6_7,适用日期（周一、周二、周三、周四、周六、周日）,57,14:22
大兴机场线,大兴新城,39.7340741,116.3594824,大兴机场,weekday_1_2_3_4_6_7,适用日期（周一、周二、周三、周四、周六、周日）,58,14:31
大兴机场线,大兴新城,39.7340741,116.3594824,大兴机场,weekday_1_2_3_4_6_7,适用日期（周一、周二、周三、周四、周六、周日）,59,14:40
大兴机场线,大兴新城,39.7340741,116.3594824,大兴机场,weekday_1_2_3_4_6_7,适用日期（周一、周二、周三、周四、周六、周日）,60,14:50
大兴机场线,大兴新城,39.7340741,116.3594824,大兴机场,weekday_1_2_3_4_6_7,适用日期（周一、周二、周三、周四、周六、周日）,61,14:59
大兴机场线,大兴新城,39.7340741,116.3594824,大兴机场,weekday_1_2_3_4_6_7,适用日期（周一、周二、周三、周四、周六、周日）,62,15:08
大兴机场线,大兴新城,39.7340741,116.3594824,大兴机场,weekday_1_2_3_4_6_7,适用日期（周一、周二、周三、周四、周六、周日）,63,15:18
大兴机场线,大兴新城,39.7340741,116.3594824,大兴机场,weekday_1_2_3_4_6_7,适用日期（周一、周二、周三、周四、周六、周日）,64,15:27
大兴机场线,大兴新城,39.7340741,116.3594824,大兴机场,weekday_1_2_3_4_6_7,适用日期（周一、周二、周三、周四、周六、周日）,65,15:36
大兴机场线,大兴新城,39.7340741,116.3594824,大兴机场,weekday_1_2_3_4_6_7,适用日期（周一、周二、周三、周四、周六、周日）,66,15:46
大兴机场线,大兴新城,39.7340741,116.3594824,大兴机场,weekday_1_2_3_4_6_7,适用日期（周一、周二、周三、周四、周六、周日）,67,15:55
大兴机场线,大兴新城,39.7340741,116.3594824,大兴机场,weekday_1_2_3_4_6_7,适用日期（周一、周二、周三、周四、周六、周日）,68,16:04
大兴机场线,大兴新城,39.7340741,116.3594824,大兴机场,weekday_1_2_3_4_6_7,适用日期（周一、周二、周三、周四、周六、周日）,69,16:14
大兴机场线,大兴新城,39.7340741,116.3594824,大兴机场,weekday_1_2_3_4_6_7,适用日期（周一、周二、周三、周四、周六、周日）,70,16:23
大兴机场线,大兴新城,39.7340741,116.3594824,大兴机场,weekday_1_2_3_4_6_7,适用日期（周一、周二、周三、周四、周六、周日）,71,16:32
大兴机场线,大兴新城,39.7340741,116.3594824,大兴机场,weekday_1_2_3_4_6_7,适用日期（周一、周二、周三、周四、周六、周日）,72,16:42
大兴机场线,大兴新城,39.7340741,116.3594824,大兴机场,weekday_1_2_3_4_6_7,适用日期（周一、周二、周三、周四、周六、周日）,73,16:51
大兴机场线,大兴新城,39.7340741,116.3594824,大兴机场,weekday_1_2_3_4_6_7,适用日期（周一、周二、周三、周四、周六、周日）,74,17:00
大兴机场线,大兴新城,39.7340741,116.3594824,大兴机场,weekday_1_2_3_4_6_7,适用日期（周一、周二、周三、周四、周六、周日）,75,17:10
大兴机场线,大兴新城,39.7340741,116.3594824,大兴机场,weekday_1_2_3_4_6_7,适用日期（周一、周二、周三、周四、周六、周日）,76,17:19
大兴机场线,大兴新城,39.7340741,116.3594824,大兴机场,weekday_1_2_3_4_6_7,适用日期（周一、周二、周三、周四、周六、周日）,77,17:28
大兴机场线,大兴新城,39.7340741,116.3594824,大兴机场,weekday_1_2_3_4_6_7,适用日期（周一、周二、周三、周四、周六、周日）,78,17:38
大兴机场线,大兴新城,39.7340741,116.3594824,大兴机场,weekday_1_2_3_4_6_7,适用日期（周一、周二、周三、周四、周六、周日）,79,17:47
大兴机场线,大兴新城,39.7340741,116.3594824,大兴机场,weekday_1_2_3_4_6_7,适用日期（周一、周二、周三、周四、周六、周日）,80,17:56
大兴机场线,大兴新城,39.7340741,116.3594824,大兴机场,weekday_1_2_3_4_6_7,适用日期（周一、周二、周三、周四、周六、周日）,81,18:06
大兴机场线,大兴新城,39.7340741,116.3594824,大兴机场,weekday_1_2_3_4_6_7,适用日期（周一、周二、周三、周四、周六、周日）,82,18:15
大兴机场线,大兴新城,39.7340741,116.3594824,大兴机场,weekday_1_2_3_4_6_7,适用日期（周一、周二、周三、周四、周六、周日）,83,18:24
大兴机场线,大兴新城,39.7340741,116.3594824,大兴机场,weekday_1_2_3_4_6_7,适用日期（周一、周二、周三、周四、周六、周日）,84,18:34
大兴机场线,大兴新城,39.7340741,116.3594824,大兴机场,weekday_1_2_3_4_6_7,适用日期（周一、周二、周三、周四、周六、周日）,85,18:43
大兴机场线,大兴新城,39.7340741,116.3594824,大兴机场,weekday_1_2_3_4_6_7,适用日期（周一、周二、周三、周四、周六、周日）,86,18:52
大兴机场线,大兴新城,39.7340741,116.3594824,大兴机场,weekday_1_2_3_4_6_7,适用日期（周一、周二、周三、周四、周六、周日）,87,19:02
大兴机场线,大兴新城,39.7340741,116.3594824,大兴机场,weekday_1_2_3_4_6_7,适用日期（周一、周二、周三、周四、周六、周日）,88,19:11
大兴机场线,大兴新城,39.7340741,116.3594824,大兴机场,weekday_1_2_3_4_6_7,适用日期（周一、周二、周三、周四、周六、周日）,89,19:20
大兴机场线,大兴新城,39.7340741,116.3594824,大兴机场,weekday_1_2_3_4_6_7,适用日期（周一、周二、周三、周四、周六、周日）,90,19:30
大兴机场线,大兴新城,39.7340741,116.3594824,大兴机场,weekday_1_2_3_4_6_7,适用日期（周一、周二、周三、周四、周六、周日）,91,19:39
大兴机场线,大兴新城,39.7340741,116.3594824,大兴机场,weekday_1_2_3_4_6_7,适用日期（周一、周二、周三、周四、周六、周日）,92,19:48
大兴机场线,大兴新城,39.7340741,116.3594824,大兴机场,weekday_1_2_3_4_6_7,适用日期（周一、周二、周三、周四、周六、周日）,93,19:58
大兴机场线,大兴新城,39.7340741,116.3594824,大兴机场,weekday_1_2_3_4_6_7,适用日期（周一、周二、周三、周四、周六、周日）,94,20:07
大兴机场线,大兴新城,39.7340741,116.3594824,大兴机场,weekday_1_2_3_4_6_7,适用日期（周一、周二、周三、周四、周六、周日）,95,20:16
大兴机场线,大兴新城,39.7340741,116.3594824,大兴机场,weekday_1_2_3_4_6_7,适用日期（周一、周二、周三、周四、周六、周日）,96,20:26
大兴机场线,大兴新城,39.7340741,116.3594824,大兴机场,weekday_1_2_3_4_6_7,适用日期（周一、周二、周三、周四、周六、周日）,97,20:35
大兴机场线,大兴新城,39.7340741,116.3594824,大兴机场,weekday_1_2_3_4_6_7,适用日期（周一、周二、周三、周四、周六、周日）,98,20:44
大兴机场线,大兴新城,39.7340741,116.3594824,大兴机场,weekday_1_2_3_4_6_7,适用日期（周一、周二、周三、周四、周六、周日）,99,20:54
大兴机场线,大兴新城,39.7340741,116.3594824,大兴机场,weekday_1_2_3_4_6_7,适用日期（周一、周二、周三、周四、周六、周日）,100,21:03
大兴机场线,大兴新城,39.7340741,116.3594824,大兴机场,weekday_1_2_3_4_6_7,适用日期（周一、周二、周三、周四、周六、周日）,101,21:12
大兴机场线,大兴新城,39.7340741,116.3594824,大兴机场,weekday_1_2_3_4_6_7,适用日期（周一、周二、周三、周四、周六、周日）,102,21:22
大兴机场线,大兴新城,39.7340741,116.3594824,大兴机场,weekday_1_2_3_4_6_7,适用日期（周一、周二、周三、周四、周六、周日）,103,21:31
大兴机场线,大兴新城,39.7340741,116.3594824,大兴机场,weekday_1_2_3_4_6_7,适用日期（周一、周二、周三、周四、周六、周日）,104,21:40
大兴机场线,大兴新城,39.7340741,116.3594824,大兴机场,weekday_1_2_3_4_6_7,适用日期（周一、周二、周三、周四、周六、周日）,105,21:50
大兴机场线,大兴新城,39.7340741,116.3594824,大兴机场,weekday_1_2_3_4_6_7,适用日期（周一、周二、周三、周四、周六、周日）,106,21:59
大兴机场线,大兴新城,39.7340741,116.3594824,大兴机场,weekday_1_2_3_4_6_7,适用日期（周一、周二、周三、周四、周六、周日）,107,22:08
大兴机场线,大兴新城,39.7340741,116.3594824,大兴机场,weekday_1_2_3_4_6_7,适用日期（周一、周二、周三、周四、周六、周日）,108,22:18
大兴机场线,大兴新城,39.7340741,116.3594824,大兴机场,weekday_1_2_3_4_6_7,适用日期（周一、周二、周三、周四、周六、周日）,109,22:27
大兴机场线,大兴新城,39.7340741,116.3594824,大兴机场,weekday_1_2_3_4_6_7,适用日期（周一、周二、周三、周四、周六、周日）,110,22:37
大兴机场线,大兴新城,39.7340741,116.3594824,大兴机场,weekday_5,适用日期（周五）,1,05:37
大兴机场线,大兴新城,39.7340741,116.3594824,大兴机场,weekday_5,适用日期（周五）,2,05:47
大兴机场线,大兴新城,39.7340741,116.3594824,大兴机场,weekday_5,适用日期（周五）,3,05:56
大兴机场线,大兴新城,39.7340741,116.3594824,大兴机场,weekday_5,适用日期（周五）,4,06:04
大兴机场线,大兴新城,39.7340741,116.3594824,大兴机场,weekday_5,适用日期（周五）,5,06:12
大兴机场线,大兴新城,39.7340741,116.3594824,大兴机场,weekday_5,适用日期（周五）,6,06:20
大兴机场线,大兴新城,39.7340741,116.3594824,大兴机场,weekday_5,适用日期（周五）,7,06:28
大兴机场线,大兴新城,39.7340741,116.3594824,大兴机场,weekday_5,适用日期（周五）,8,06:36
大兴机场线,大兴新城,39.7340741,116.3594824,大兴机场,weekday_5,适用日期（周五）,9,06:44
大兴机场线,大兴新城,39.7340741,116.3594824,大兴机场,weekday_5,适用日期（周五）,10,06:52
大兴机场线,大兴新城,39.7340741,116.3594824,大兴机场,weekday_5,适用日期（周五）,11,07:00
大兴机场线,大兴新城,39.7340741,116.3594824,大兴机场,weekday_5,适用日期（周五）,12,07:08
大兴机场线,大兴新城,39.7340741,116.3594824,大兴机场,weekday_5,适用日期（周五）,13,07:16
大兴机场线,大兴新城,39.7340741,116.3594824,大兴机场,weekday_5,适用日期（周五）,14,07:24
大兴机场线,大兴新城,39.7340741,116.3594824,大兴机场,weekday_5,适用日期（周五）,15,07:32
大兴机场线,大兴新城,39.7340741,116.3594824,大兴机场,weekday_5,适用日期（周五）,16,07:40
大兴机场线,大兴新城,39.7340741,116.3594824,大兴机场,weekday_5,适用日期（周五）,17,07:48
大兴机场线,大兴新城,39.7340741,116.3594824,大兴机场,weekday_5,适用日期（周五）,18,07:56
大兴机场线,大兴新城,39.7340741,116.3594824,大兴机场,weekday_5,适用日期（周五）,19,08:04
大兴机场线,大兴新城,39.7340741,116.3594824,大兴机场,weekday_5,适用日期（周五）,20,08:12
大兴机场线,大兴新城,39.7340741,116.3594824,大兴机场,weekday_5,适用日期（周五）,21,08:20
大兴机场线,大兴新城,39.7340741,116.3594824,大兴机场,weekday_5,适用日期（周五）,22,08:28
大兴机场线,大兴新城,39.7340741,116.3594824,大兴机场,weekday_5,适用日期（周五）,23,08:36
大兴机场线,大兴新城,39.7340741,116.3594824,大兴机场,weekday_5,适用日期（周五）,24,08:44
大兴机场线,大兴新城,39.7340741,116.3594824,大兴机场,weekday_5,适用日期（周五）,25,08:52
大兴机场线,大兴新城,39.7340741,116.3594824,大兴机场,weekday_5,适用日期（周五）,26,09:00
大兴机场线,大兴新城,39.7340741,116.3594824,大兴机场,weekday_5,适用日期（周五）,27,09:08
大兴机场线,大兴新城,39.7340741,116.3594824,大兴机场,weekday_5,适用日期（周五）,28,09:16
大兴机场线,大兴新城,39.7340741,116.3594824,大兴机场,weekday_5,适用日期（周五）,29,09:24
大兴机场线,大兴新城,39.7340741,116.3594824,大兴机场,weekday_5,适用日期（周五）,30,09:32
大兴机场线,大兴新城,39.7340741,116.3594824,大兴机场,weekday_5,适用日期（周五）,31,09:40
大兴机场线,大兴新城,39.7340741,116.3594824,大兴机场,weekday_5,适用日期（周五）,32,09:48
大兴机场线,大兴新城,39.7340741,116.3594824,大兴机场,weekday_5,适用日期（周五）,33,09:56
大兴机场线,大兴新城,39.7340741,116.3594824,大兴机场,weekday_5,适用日期（周五）,34,10:04
大兴机场线,大兴新城,39.7340741,116.3594824,大兴机场,weekday_5,适用日期（周五）,35,10:12
大兴机场线,大兴新城,39.7340741,116.3594824,大兴机场,weekday_5,适用日期（周五）,36,10:20
大兴机场线,大兴新城,39.7340741,116.3594824,大兴机场,weekday_5,适用日期（周五）,37,10:28
大兴机场线,大兴新城,39.7340741,116.3594824,大兴机场,weekday_5,适用日期（周五）,38,10:36
大兴机场线,大兴新城,39.7340741,116.3594824,大兴机场,weekday_5,适用日期（周五）,39,10:44
大兴机场线,大兴新城,39.7340741,116.3594824,大兴机场,weekday_5,适用日期（周五）,40,10:52
大兴机场线,大兴新城,39.7340741,116.3594824,大兴机场,weekday_5,适用日期（周五）,41,11:00
大兴机场线,大兴新城,39.7340741,116.3594824,大兴机场,weekday_5,适用日期（周五）,42,11:08
大兴机场线,大兴新城,39.7340741,116.3594824,大兴机场,weekday_5,适用日期（周五）,43,11:16
大兴机场线,大兴新城,39.7340741,116.3594824,大兴机场,weekday_5,适用日期（周五）,44,11:24
大兴机场线,大兴新城,39.7340741,116.3594824,大兴机场,weekday_5,适用日期（周五）,45,11:32
大兴机场线,大兴新城,39.7340741,116.3594824,大兴机场,weekday_5,适用日期（周五）,46,11:40
大兴机场线,大兴新城,39.7340741,116.3594824,大兴机场,weekday_5,适用日期（周五）,47,11:48
大兴机场线,大兴新城,39.7340741,116.3594824,大兴机场,weekday_5,适用日期（周五）,48,11:56
大兴机场线,大兴新城,39.7340741,116.3594824,大兴机场,weekday_5,适用日期（周五）,49,12:04
大兴机场线,大兴新城,39.7340741,116.3594824,大兴机场,weekday_5,适用日期（周五）,50,12:12
大兴机场线,大兴新城,39.7340741,116.3594824,大兴机场,weekday_5,适用日期（周五）,51,12:20
大兴机场线,大兴新城,39.7340741,116.3594824,大兴机场,weekday_5,适用日期（周五）,52,12:28
大兴机场线,大兴新城,39.7340741,116.3594824,大兴机场,weekday_5,适用日期（周五）,53,12:36
大兴机场线,大兴新城,39.7340741,116.3594824,大兴机场,weekday_5,适用日期（周五）,54,12:44
大兴机场线,大兴新城,39.7340741,116.3594824,大兴机场,weekday_5,适用日期（周五）,55,12:52
大兴机场线,大兴新城,39.7340741,116.3594824,大兴机场,weekday_5,适用日期（周五）,56,13:00
大兴机场线,大兴新城,39.7340741,116.3594824,大兴机场,weekday_5,适用日期（周五）,57,13:08
大兴机场线,大兴新城,39.7340741,116.3594824,大兴机场,weekday_5,适用日期（周五）,58,13:16
大兴机场线,大兴新城,39.7340741,116.3594824,大兴机场,weekday_5,适用日期（周五）,59,13:24
大兴机场线,大兴新城,39.7340741,116.3594824,大兴机场,weekday_5,适用日期（周五）,60,13:32
大兴机场线,大兴新城,39.7340741,116.3594824,大兴机场,weekday_5,适用日期（周五）,61,13:40
大兴机场线,大兴新城,39.7340741,116.3594824,大兴机场,weekday_5,适用日期（周五）,62,13:48
大兴机场线,大兴新城,39.7340741,116.3594824,大兴机场,weekday_5,适用日期（周五）,63,13:56
大兴机场线,大兴新城,39.7340741,116.3594824,大兴机场,weekday_5,适用日期（周五）,64,14:04
大兴机场线,大兴新城,39.7340741,116.3594824,大兴机场,weekday_5,适用日期（周五）,65,14:12
大兴机场线,大兴新城,39.7340741,116.3594824,大兴机场,weekday_5,适用日期（周五）,66,14:20
大兴机场线,大兴新城,39.7340741,116.3594824,大兴机场,weekday_5,适用日期（周五）,67,14:28
大兴机场线,大兴新城,39.7340741,116.3594824,大兴机场,weekday_5,适用日期（周五）,68,14:36
大兴机场线,大兴新城,39.7340741,116.3594824,大兴机场,weekday_5,适用日期（周五）,69,14:44
大兴机场线,大兴新城,39.7340741,116.3594824,大兴机场,weekday_5,适用日期（周五）,70,14:52
大兴机场线,大兴新城,39.7340741,116.3594824,大兴机场,weekday_5,适用日期（周五）,71,15:00
大兴机场线,大兴新城,39.7340741,116.3594824,大兴机场,weekday_5,适用日期（周五）,72,15:08
大兴机场线,大兴新城,39.7340741,116.3594824,大兴机场,weekday_5,适用日期（周五）,73,15:16
大兴机场线,大兴新城,39.7340741,116.3594824,大兴机场,weekday_5,适用日期（周五）,74,15:24
大兴机场线,大兴新城,39.7340741,116.3594824,大兴机场,weekday_5,适用日期（周五）,75,15:32
大兴机场线,大兴新城,39.7340741,116.3594824,大兴机场,weekday_5,适用日期（周五）,76,15:40
大兴机场线,大兴新城,39.7340741,116.3594824,大兴机场,weekday_5,适用日期（周五）,77,15:48
大兴机场线,大兴新城,39.7340741,116.3594824,大兴机场,weekday_5,适用日期（周五）,78,15:56
大兴机场线,大兴新城,39.7340741,116.3594824,大兴机场,weekday_5,适用日期（周五）,79,16:04
大兴机场线,大兴新城,39.7340741,116.3594824,大兴机场,weekday_5,适用日期（周五）,80,16:12
大兴机场线,大兴新城,39.7340741,116.3594824,大兴机场,weekday_5,适用日期（周五）,81,16:20
大兴机场线,大兴新城,39.7340741,116.3594824,大兴机场,weekday_5,适用日期（周五）,82,16:28
大兴机场线,大兴新城,39.7340741,116.3594824,大兴机场,weekday_5,适用日期（周五）,83,16:36
大兴机场线,大兴新城,39.7340741,116.3594824,大兴机场,weekday_5,适用日期（周五）,84,16:44
大兴机场线,大兴新城,39.7340741,116.3594824,大兴机场,weekday_5,适用日期（周五）,85,16:52
大兴机场线,大兴新城,39.7340741,116.3594824,大兴机场,weekday_5,适用日期（周五）,86,17:00
大兴机场线,大兴新城,39.7340741,116.3594824,大兴机场,weekday_5,适用日期（周五）,87,17:08
大兴机场线,大兴新城,39.7340741,116.3594824,大兴机场,weekday_5,适用日期（周五）,88,17:16
大兴机场线,大兴新城,39.7340741,116.3594824,大兴机场,weekday_5,适用日期（周五）,89,17:24
大兴机场线,大兴新城,39.7340741,116.3594824,大兴机场,weekday_5,适用日期（周五）,90,17:32
大兴机场线,大兴新城,39.7340741,116.3594824,大兴机场,weekday_5,适用日期（周五）,91,17:40
大兴机场线,大兴新城,39.7340741,116.3594824,大兴机场,weekday_5,适用日期（周五）,92,17:48
大兴机场线,大兴新城,39.7340741,116.3594824,大兴机场,weekday_5,适用日期（周五）,93,17:56
大兴机场线,大兴新城,39.7340741,116.3594824,大兴机场,weekday_5,适用日期（周五）,94,18:04
大兴机场线,大兴新城,39.7340741,116.3594824,大兴机场,weekday_5,适用日期（周五）,95,18:12
大兴机场线,大兴新城,39.7340741,116.3594824,大兴机场,weekday_5,适用日期（周五）,96,18:20
大兴机场线,大兴新城,39.7340741,116.3594824,大兴机场,weekday_5,适用日期（周五）,97,18:28
大兴机场线,大兴新城,39.7340741,116.3594824,大兴机场,weekday_5,适用日期（周五）,98,18:36
大兴机场线,大兴新城,39.7340741,116.3594824,大兴机场,weekday_5,适用日期（周五）,99,18:44
大兴机场线,大兴新城,39.7340741,116.3594824,大兴机场,weekday_5,适用日期（周五）,100,18:52
大兴机场线,大兴新城,39.7340741,116.3594824,大兴机场,weekday_5,适用日期（周五）,101,19:00
大兴机场线,大兴新城,39.7340741,116.3594824,大兴机场,weekday_5,适用日期（周五）,102,19:08
大兴机场线,大兴新城,39.7340741,116.3594824,大兴机场,weekday_5,适用日期（周五）,103,19:16
大兴机场线,大兴新城,39.7340741,116.3594824,大兴机场,weekday_5,适用日期（周五）,104,19:24
大兴机场线,大兴新城,39.7340741,116.3594824,大兴机场,weekday_5,适用日期（周五）,105,19:32
大兴机场线,大兴新城,39.7340741,116.3594824,大兴机场,weekday_5,适用日期（周五）,106,19:40
大兴机场线,大兴新城,39.7340741,116.3594824,大兴机场,weekday_5,适用日期（周五）,107,19:48
大兴机场线,大兴新城,39.7340741,116.3594824,大兴机场,weekday_5,适用日期（周五）,108,19:56
大兴机场线,大兴新城,39.7340741,116.3594824,大兴机场,weekday_5,适用日期（周五）,109,20:04
大兴机场线,大兴新城,39.7340741,116.3594824,大兴机场,weekday_5,适用日期（周五）,110,20:13
大兴机场线,大兴新城,39.7340741,116.3594824,大兴机场,weekday_5,适用日期（周五）,111,20:22
大兴机场线,大兴新城,39.7340741,116.3594824,大兴机场,weekday_5,适用日期（周五）,112,20:31
大兴机场线,大兴新城,39.7340741,116.3594824,大兴机场,weekday_5,适用日期（周五）,113,20:40
大兴机场线,大兴新城,39.7340741,116.3594824,大兴机场,weekday_5,适用日期（周五）,114,20:50
大兴机场线,大兴新城,39.7340741,116.3594824,大兴机场,weekday_5,适用日期（周五）,115,21:03
大兴机场线,大兴新城,39.7340741,116.3594824,大兴机场,weekday_5,适用日期（周五）,116,21:08
大兴机场线,大兴新城,39.7340741,116.3594824,大兴机场,weekday_5,适用日期（周五）,117,21:18
大兴机场线,大兴新城,39.7340741,116.3594824,大兴机场,weekday_5,适用日期（周五）,118,21:27
大兴机场线,大兴新城,39.7340741,116.3594824,大兴机场,weekday_5,适用日期（周五）,119,21:37
大兴机场线,大兴新城,39.7340741,116.3594824,大兴机场,weekday_5,适用日期（周五）,120,21:47
大兴机场线,大兴新城,39.7340741,116.3594824,大兴机场,weekday_5,适用日期（周五）,121,21:57
大兴机场线,大兴新城,39.7340741,116.3594824,大兴机场,weekday_5,适用日期（周五）,122,22:07
大兴机场线,大兴新城,39.7340741,116.3594824,大兴机场,weekday_5,适用日期（周五）,123,22:17
大兴机场线,大兴新城,39.7340741,116.3594824,大兴机场,weekday_5,适用日期（周五）,124,22:27
大兴机场线,大兴新城,39.7340741,116.3594824,大兴机场,weekday_5,适用日期（周五）,125,22:37
大兴机场线,大兴机场,39.5124863,116.4106758,草桥,weekday_1_2_3_4_6,适用日期（周一、周二、周三、周四、周六）,1,05:58
大兴机场线,大兴机场,39.5124863,116.4106758,草桥,weekday_1_2_3_4_6,适用日期（周一、周二、周三、周四、周六）,2,06:08
大兴机场线,大兴机场,39.5124863,116.4106758,草桥,weekday_1_2_3_4_6,适用日期（周一、周二、周三、周四、周六）,3,06:17
大兴机场线,大兴机场,39.5124863,116.4106758,草桥,weekday_1_2_3_4_6,适用日期（周一、周二、周三、周四、周六）,4,06:27
大兴机场线,大兴机场,39.5124863,116.4106758,草桥,weekday_1_2_3_4_6,适用日期（周一、周二、周三、周四、周六）,5,06:36
大兴机场线,大兴机场,39.5124863,116.4106758,草桥,weekday_1_2_3_4_6,适用日期（周一、周二、周三、周四、周六）,6,06:45
大兴机场线,大兴机场,39.5124863,116.4106758,草桥,weekday_1_2_3_4_6,适用日期（周一、周二、周三、周四、周六）,7,06:55
大兴机场线,大兴机场,39.5124863,116.4106758,草桥,weekday_1_2_3_4_6,适用日期（周一、周二、周三、周四、周六）,8,07:04
大兴机场线,大兴机场,39.5124863,116.4106758,草桥,weekday_1_2_3_4_6,适用日期（周一、周二、周三、周四、周六）,9,07:13
大兴机场线,大兴机场,39.5124863,116.4106758,草桥,weekday_1_2_3_4_6,适用日期（周一、周二、周三、周四、周六）,10,07:23
大兴机场线,大兴机场,39.5124863,116.4106758,草桥,weekday_1_2_3_4_6,适用日期（周一、周二、周三、周四、周六）,11,07:32
大兴机场线,大兴机场,39.5124863,116.4106758,草桥,weekday_1_2_3_4_6,适用日期（周一、周二、周三、周四、周六）,12,07:41
大兴机场线,大兴机场,39.5124863,116.4106758,草桥,weekday_1_2_3_4_6,适用日期（周一、周二、周三、周四、周六）,13,07:51
大兴机场线,大兴机场,39.5124863,116.4106758,草桥,weekday_1_2_3_4_6,适用日期（周一、周二、周三、周四、周六）,14,08:00
大兴机场线,大兴机场,39.5124863,116.4106758,草桥,weekday_1_2_3_4_6,适用日期（周一、周二、周三、周四、周六）,15,08:09
大兴机场线,大兴机场,39.5124863,116.4106758,草桥,weekday_1_2_3_4_6,适用日期（周一、周二、周三、周四、周六）,16,08:19
大兴机场线,大兴机场,39.5124863,116.4106758,草桥,weekday_1_2_3_4_6,适用日期（周一、周二、周三、周四、周六）,17,08:28
大兴机场线,大兴机场,39.5124863,116.4106758,草桥,weekday_1_2_3_4_6,适用日期（周一、周二、周三、周四、周六）,18,08:37
大兴机场线,大兴机场,39.5124863,116.4106758,草桥,weekday_1_2_3_4_6,适用日期（周一、周二、周三、周四、周六）,19,08:47
大兴机场线,大兴机场,39.5124863,116.4106758,草桥,weekday_1_2_3_4_6,适用日期（周一、周二、周三、周四、周六）,20,08:56
大兴机场线,大兴机场,39.5124863,116.4106758,草桥,weekday_1_2_3_4_6,适用日期（周一、周二、周三、周四、周六）,21,09:05
大兴机场线,大兴机场,39.5124863,116.4106758,草桥,weekday_1_2_3_4_6,适用日期（周一、周二、周三、周四、周六）,22,09:15
大兴机场线,大兴机场,39.5124863,116.4106758,草桥,weekday_1_2_3_4_6,适用日期（周一、周二、周三、周四、周六）,23,09:24
大兴机场线,大兴机场,39.5124863,116.4106758,草桥,weekday_1_2_3_4_6,适用日期（周一、周二、周三、周四、周六）,24,09:33
大兴机场线,大兴机场,39.5124863,116.4106758,草桥,weekday_1_2_3_4_6,适用日期（周一、周二、周三、周四、周六）,25,09:43
大兴机场线,大兴机场,39.5124863,116.4106758,草桥,weekday_1_2_3_4_6,适用日期（周一、周二、周三、周四、周六）,26,09:52
大兴机场线,大兴机场,39.5124863,116.4106758,草桥,weekday_1_2_3_4_6,适用日期（周一、周二、周三、周四、周六）,27,10:01
大兴机场线,大兴机场,39.5124863,116.4106758,草桥,weekday_1_2_3_4_6,适用日期（周一、周二、周三、周四、周六）,28,10:11
大兴机场线,大兴机场,39.5124863,116.4106758,草桥,weekday_1_2_3_4_6,适用日期（周一、周二、周三、周四、周六）,29,10:20
大兴机场线,大兴机场,39.5124863,116.4106758,草桥,weekday_1_2_3_4_6,适用日期（周一、周二、周三、周四、周六）,30,10:29
大兴机场线,大兴机场,39.5124863,116.4106758,草桥,weekday_1_2_3_4_6,适用日期（周一、周二、周三、周四、周六）,31,10:39
大兴机场线,大兴机场,39.5124863,116.4106758,草桥,weekday_1_2_3_4_6,适用日期（周一、周二、周三、周四、周六）,32,10:48
大兴机场线,大兴机场,39.5124863,116.4106758,草桥,weekday_1_2_3_4_6,适用日期（周一、周二、周三、周四、周六）,33,10:57
大兴机场线,大兴机场,39.5124863,116.4106758,草桥,weekday_1_2_3_4_6,适用日期（周一、周二、周三、周四、周六）,34,11:07
大兴机场线,大兴机场,39.5124863,116.4106758,草桥,weekday_1_2_3_4_6,适用日期（周一、周二、周三、周四、周六）,35,11:16
大兴机场线,大兴机场,39.5124863,116.4106758,草桥,weekday_1_2_3_4_6,适用日期（周一、周二、周三、周四、周六）,36,11:25
大兴机场线,大兴机场,39.5124863,116.4106758,草桥,weekday_1_2_3_4_6,适用日期（周一、周二、周三、周四、周六）,37,11:35
大兴机场线,大兴机场,39.5124863,116.4106758,草桥,weekday_1_2_3_4_6,适用日期（周一、周二、周三、周四、周六）,38,11:44
大兴机场线,大兴机场,39.5124863,116.4106758,草桥,weekday_1_2_3_4_6,适用日期（周一、周二、周三、周四、周六）,39,11:53
大兴机场线,大兴机场,39.5124863,116.4106758,草桥,weekday_1_2_3_4_6,适用日期（周一、周二、周三、周四、周六）,40,12:03
大兴机场线,大兴机场,39.5124863,116.4106758,草桥,weekday_1_2_3_4_6,适用日期（周一、周二、周三、周四、周六）,41,12:12
大兴机场线,大兴机场,39.5124863,116.4106758,草桥,weekday_1_2_3_4_6,适用日期（周一、周二、周三、周四、周六）,42,12:21
大兴机场线,大兴机场,39.5124863,116.4106758,草桥,weekday_1_2_3_4_6,适用日期（周一、周二、周三、周四、周六）,43,12:31
大兴机场线,大兴机场,39.5124863,116.4106758,草桥,weekday_1_2_3_4_6,适用日期（周一、周二、周三、周四、周六）,44,12:40
大兴机场线,大兴机场,39.5124863,116.4106758,草桥,weekday_1_2_3_4_6,适用日期（周一、周二、周三、周四、周六）,45,12:49
大兴机场线,大兴机场,39.5124863,116.4106758,草桥,weekday_1_2_3_4_6,适用日期（周一、周二、周三、周四、周六）,46,12:59
大兴机场线,大兴机场,39.5124863,116.4106758,草桥,weekday_1_2_3_4_6,适用日期（周一、周二、周三、周四、周六）,47,13:08
大兴机场线,大兴机场,39.5124863,116.4106758,草桥,weekday_1_2_3_4_6,适用日期（周一、周二、周三、周四、周六）,48,13:17
大兴机场线,大兴机场,39.5124863,116.4106758,草桥,weekday_1_2_3_4_6,适用日期（周一、周二、周三、周四、周六）,49,13:27
大兴机场线,大兴机场,39.5124863,116.4106758,草桥,weekday_1_2_3_4_6,适用日期（周一、周二、周三、周四、周六）,50,13:36
大兴机场线,大兴机场,39.5124863,116.4106758,草桥,weekday_1_2_3_4_6,适用日期（周一、周二、周三、周四、周六）,51,13:45
大兴机场线,大兴机场,39.5124863,116.4106758,草桥,weekday_1_2_3_4_6,适用日期（周一、周二、周三、周四、周六）,52,13:55
大兴机场线,大兴机场,39.5124863,116.4106758,草桥,weekday_1_2_3_4_6,适用日期（周一、周二、周三、周四、周六）,53,14:04
大兴机场线,大兴机场,39.5124863,116.4106758,草桥,weekday_1_2_3_4_6,适用日期（周一、周二、周三、周四、周六）,54,14:13
大兴机场线,大兴机场,39.5124863,116.4106758,草桥,weekday_1_2_3_4_6,适用日期（周一、周二、周三、周四、周六）,55,14:23
大兴机场线,大兴机场,39.5124863,116.4106758,草桥,weekday_1_2_3_4_6,适用日期（周一、周二、周三、周四、周六）,56,14:32
大兴机场线,大兴机场,39.5124863,116.4106758,草桥,weekday_1_2_3_4_6,适用日期（周一、周二、周三、周四、周六）,57,14:41
大兴机场线,大兴机场,39.5124863,116.4106758,草桥,weekday_1_2_3_4_6,适用日期（周一、周二、周三、周四、周六）,58,14:51
大兴机场线,大兴机场,39.5124863,116.4106758,草桥,weekday_1_2_3_4_6,适用日期（周一、周二、周三、周四、周六）,59,15:00
大兴机场线,大兴机场,39.5124863,116.4106758,草桥,weekday_1_2_3_4_6,适用日期（周一、周二、周三、周四、周六）,60,15:09
大兴机场线,大兴机场,39.5124863,116.4106758,草桥,weekday_1_2_3_4_6,适用日期（周一、周二、周三、周四、周六）,61,15:19
大兴机场线,大兴机场,39.5124863,116.4106758,草桥,weekday_1_2_3_4_6,适用日期（周一、周二、周三、周四、周六）,62,15:28
大兴机场线,大兴机场,39.5124863,116.4106758,草桥,weekday_1_2_3_4_6,适用日期（周一、周二、周三、周四、周六）,63,15:37
大兴机场线,大兴机场,39.5124863,116.4106758,草桥,weekday_1_2_3_4_6,适用日期（周一、周二、周三、周四、周六）,64,15:47
大兴机场线,大兴机场,39.5124863,116.4106758,草桥,weekday_1_2_3_4_6,适用日期（周一、周二、周三、周四、周六）,65,15:56
大兴机场线,大兴机场,39.5124863,116.4106758,草桥,weekday_1_2_3_4_6,适用日期（周一、周二、周三、周四、周六）,66,16:05
大兴机场线,大兴机场,39.5124863,116.4106758,草桥,weekday_1_2_3_4_6,适用日期（周一、周二、周三、周四、周六）,67,16:15
大兴机场线,大兴机场,39.5124863,116.4106758,草桥,weekday_1_2_3_4_6,适用日期（周一、周二、周三、周四、周六）,68,16:24
大兴机场线,大兴机场,39.5124863,116.4106758,草桥,weekday_1_2_3_4_6,适用日期（周一、周二、周三、周四、周六）,69,16:33
大兴机场线,大兴机场,39.5124863,116.4106758,草桥,weekday_1_2_3_4_6,适用日期（周一、周二、周三、周四、周六）,70,16:43
大兴机场线,大兴机场,39.5124863,116.4106758,草桥,weekday_1_2_3_4_6,适用日期（周一、周二、周三、周四、周六）,71,16:52
大兴机场线,大兴机场,39.5124863,116.4106758,草桥,weekday_1_2_3_4_6,适用日期（周一、周二、周三、周四、周六）,72,17:01
大兴机场线,大兴机场,39.5124863,116.4106758,草桥,weekday_1_2_3_4_6,适用日期（周一、周二、周三、周四、周六）,73,17:11
大兴机场线,大兴机场,39.5124863,116.4106758,草桥,weekday_1_2_3_4_6,适用日期（周一、周二、周三、周四、周六）,74,17:20
大兴机场线,大兴机场,39.5124863,116.4106758,草桥,weekday_1_2_3_4_6,适用日期（周一、周二、周三、周四、周六）,75,17:29
大兴机场线,大兴机场,39.5124863,116.4106758,草桥,weekday_1_2_3_4_6,适用日期（周一、周二、周三、周四、周六）,76,17:39
大兴机场线,大兴机场,39.5124863,116.4106758,草桥,weekday_1_2_3_4_6,适用日期（周一、周二、周三、周四、周六）,77,17:48
大兴机场线,大兴机场,39.5124863,116.4106758,草桥,weekday_1_2_3_4_6,适用日期（周一、周二、周三、周四、周六）,78,17:57
大兴机场线,大兴机场,39.5124863,116.4106758,草桥,weekday_1_2_3_4_6,适用日期（周一、周二、周三、周四、周六）,79,18:07
大兴机场线,大兴机场,39.5124863,116.4106758,草桥,weekday_1_2_3_4_6,适用日期（周一、周二、周三、周四、周六）,80,18:16
大兴机场线,大兴机场,39.5124863,116.4106758,草桥,weekday_1_2_3_4_6,适用日期（周一、周二、周三、周四、周六）,81,18:25
大兴机场线,大兴机场,39.5124863,116.4106758,草桥,weekday_1_2_3_4_6,适用日期（周一、周二、周三、周四、周六）,82,18:35
大兴机场线,大兴机场,39.5124863,116.4106758,草桥,weekday_1_2_3_4_6,适用日期（周一、周二、周三、周四、周六）,83,18:44
大兴机场线,大兴机场,39.5124863,116.4106758,草桥,weekday_1_2_3_4_6,适用日期（周一、周二、周三、周四、周六）,84,18:53
大兴机场线,大兴机场,39.5124863,116.4106758,草桥,weekday_1_2_3_4_6,适用日期（周一、周二、周三、周四、周六）,85,19:03
大兴机场线,大兴机场,39.5124863,116.4106758,草桥,weekday_1_2_3_4_6,适用日期（周一、周二、周三、周四、周六）,86,19:12
大兴机场线,大兴机场,39.5124863,116.4106758,草桥,weekday_1_2_3_4_6,适用日期（周一、周二、周三、周四、周六）,87,19:21
大兴机场线,大兴机场,39.5124863,116.4106758,草桥,weekday_1_2_3_4_6,适用日期（周一、周二、周三、周四、周六）,88,19:31
大兴机场线,大兴机场,39.5124863,116.4106758,草桥,weekday_1_2_3_4_6,适用日期（周一、周二、周三、周四、周六）,89,19:40
大兴机场线,大兴机场,39.5124863,116.4106758,草桥,weekday_1_2_3_4_6,适用日期（周一、周二、周三、周四、周六）,90,19:49
大兴机场线,大兴机场,39.5124863,116.4106758,草桥,weekday_1_2_3_4_6,适用日期（周一、周二、周三、周四、周六）,91,19:59
大兴机场线,大兴机场,39.5124863,116.4106758,草桥,weekday_1_2_3_4_6,适用日期（周一、周二、周三、周四、周六）,92,20:08
大兴机场线,大兴机场,39.5124863,116.4106758,草桥,weekday_1_2_3_4_6,适用日期（周一、周二、周三、周四、周六）,93,20:17
大兴机场线,大兴机场,39.5124863,116.4106758,草桥,weekday_1_2_3_4_6,适用日期（周一、周二、周三、周四、周六）,94,20:27
大兴机场线,大兴机场,39.5124863,116.4106758,草桥,weekday_1_2_3_4_6,适用日期（周一、周二、周三、周四、周六）,95,20:36
大兴机场线,大兴机场,39.5124863,116.4106758,草桥,weekday_1_2_3_4_6,适用日期（周一、周二、周三、周四、周六）,96,20:45
大兴机场线,大兴机场,39.5124863,116.4106758,草桥,weekday_1_2_3_4_6,适用日期（周一、周二、周三、周四、周六）,97,20:55
大兴机场线,大兴机场,39.5124863,116.4106758,草桥,weekday_1_2_3_4_6,适用日期（周一、周二、周三、周四、周六）,98,21:04
大兴机场线,大兴机场,39.5124863,116.4106758,草桥,weekday_1_2_3_4_6,适用日期（周一、周二、周三、周四、周六）,99,21:13
大兴机场线,大兴机场,39.5124863,116.4106758,草桥,weekday_1_2_3_4_6,适用日期（周一、周二、周三、周四、周六）,100,21:23
大兴机场线,大兴机场,39.5124863,116.4106758,草桥,weekday_1_2_3_4_6,适用日期（周一、周二、周三、周四、周六）,101,21:32
大兴机场线,大兴机场,39.5124863,116.4106758,草桥,weekday_1_2_3_4_6,适用日期（周一、周二、周三、周四、周六）,102,21:41
大兴机场线,大兴机场,39.5124863,116.4106758,草桥,weekday_1_2_3_4_6,适用日期（周一、周二、周三、周四、周六）,103,21:51
大兴机场线,大兴机场,39.5124863,116.4106758,草桥,weekday_1_2_3_4_6,适用日期（周一、周二、周三、周四、周六）,104,22:00
大兴机场线,大兴机场,39.5124863,116.4106758,草桥,weekday_1_2_3_4_6,适用日期（周一、周二、周三、周四、周六）,105,22:09
大兴机场线,大兴机场,39.5124863,116.4106758,草桥,weekday_1_2_3_4_6,适用日期（周一、周二、周三、周四、周六）,106,22:19
大兴机场线,大兴机场,39.5124863,116.4106758,草桥,weekday_1_2_3_4_6,适用日期（周一、周二、周三、周四、周六）,107,22:28
大兴机场线,大兴机场,39.5124863,116.4106758,草桥,weekday_1_2_3_4_6,适用日期（周一、周二、周三、周四、周六）,108,22:42
大兴机场线,大兴机场,39.5124863,116.4106758,草桥,weekday_1_2_3_4_6,适用日期（周一、周二、周三、周四、周六）,109,22:57
大兴机场线,大兴机场,39.5124863,116.4106758,草桥,weekday_5,适用日期（周五）,1,05:58
大兴机场线,大兴机场,39.5124863,116.4106758,草桥,weekday_5,适用日期（周五）,2,06:08
大兴机场线,大兴机场,39.5124863,116.4106758,草桥,weekday_5,适用日期（周五）,3,06:16
大兴机场线,大兴机场,39.5124863,116.4106758,草桥,weekday_5,适用日期（周五）,4,06:24
大兴机场线,大兴机场,39.5124863,116.4106758,草桥,weekday_5,适用日期（周五）,5,06:32
大兴机场线,大兴机场,39.5124863,116.4106758,草桥,weekday_5,适用日期（周五）,6,06:40
大兴机场线,大兴机场,39.5124863,116.4106758,草桥,weekday_5,适用日期（周五）,7,06:48
大兴机场线,大兴机场,39.5124863,116.4106758,草桥,weekday_5,适用日期（周五）,8,06:56
大兴机场线,大兴机场,39.5124863,116.4106758,草桥,weekday_5,适用日期（周五）,9,07:04
大兴机场线,大兴机场,39.5124863,116.4106758,草桥,weekday_5,适用日期（周五）,10,07:12
大兴机场线,大兴机场,39.5124863,116.4106758,草桥,weekday_5,适用日期（周五）,11,07:20
大兴机场线,大兴机场,39.5124863,116.4106758,草桥,weekday_5,适用日期（周五）,12,07:28
大兴机场线,大兴机场,39.5124863,116.4106758,草桥,weekday_5,适用日期（周五）,13,07:36
大兴机场线,大兴机场,39.5124863,116.4106758,草桥,weekday_5,适用日期（周五）,14,07:44
大兴机场线,大兴机场,39.5124863,116.4106758,草桥,weekday_5,适用日期（周五）,15,07:52
大兴机场线,大兴机场,39.5124863,116.4106758,草桥,weekday_5,适用日期（周五）,16,08:00
大兴机场线,大兴机场,39.5124863,116.4106758,草桥,weekday_5,适用日期（周五）,17,08:08
大兴机场线,大兴机场,39.5124863,116.4106758,草桥,weekday_5,适用日期（周五）,18,08:16
大兴机场线,大兴机场,39.5124863,116.4106758,草桥,weekday_5,适用日期（周五）,19,08:24
大兴机场线,大兴机场,39.5124863,116.4106758,草桥,weekday_5,适用日期（周五）,20,08:32
大兴机场线,大兴机场,39.5124863,116.4106758,草桥,weekday_5,适用日期（周五）,21,08:40
大兴机场线,大兴机场,39.5124863,116.4106758,草桥,weekday_5,适用日期（周五）,22,08:48
大兴机场线,大兴机场,39.5124863,116.4106758,草桥,weekday_5,适用日期（周五）,23,08:56
大兴机场线,大兴机场,39.5124863,116.4106758,草桥,weekday_5,适用日期（周五）,24,09:04
大兴机场线,大兴机场,39.5124863,116.4106758,草桥,weekday_5,适用日期（周五）,25,09:12
大兴机场线,大兴机场,39.5124863,116.4106758,草桥,weekday_5,适用日期（周五）,26,09:20
大兴机场线,大兴机场,39.5124863,116.4106758,草桥,weekday_5,适用日期（周五）,27,09:28
大兴机场线,大兴机场,39.5124863,116.4106758,草桥,weekday_5,适用日期（周五）,28,09:36
大兴机场线,大兴机场,39.5124863,116.4106758,草桥,weekday_5,适用日期（周五）,29,09:44
大兴机场线,大兴机场,39.5124863,116.4106758,草桥,weekday_5,适用日期（周五）,30,09:52
大兴机场线,大兴机场,39.5124863,116.4106758,草桥,weekday_5,适用日期（周五）,31,10:00
大兴机场线,大兴机场,39.5124863,116.4106758,草桥,weekday_5,适用日期（周五）,32,10:08
大兴机场线,大兴机场,39.5124863,116.4106758,草桥,weekday_5,适用日期（周五）,33,10:16
大兴机场线,大兴机场,39.5124863,116.4106758,草桥,weekday_5,适用日期（周五）,34,10:24
大兴机场线,大兴机场,39.5124863,116.4106758,草桥,weekday_5,适用日期（周五）,35,10:32
大兴机场线,大兴机场,39.5124863,116.4106758,草桥,weekday_5,适用日期（周五）,36,10:40
大兴机场线,大兴机场,39.5124863,116.4106758,草桥,weekday_5,适用日期（周五）,37,10:48
大兴机场线,大兴机场,39.5124863,116.4106758,草桥,weekday_5,适用日期（周五）,38,10:56
大兴机场线,大兴机场,39.5124863,116.4106758,草桥,weekday_5,适用日期（周五）,39,11:04
大兴机场线,大兴机场,39.5124863,116.4106758,草桥,weekday_5,适用日期（周五）,40,11:12
大兴机场线,大兴机场,39.5124863,116.4106758,草桥,weekday_5,适用日期（周五）,41,11:20
大兴机场线,大兴机场,39.5124863,116.4106758,草桥,weekday_5,适用日期（周五）,42,11:28
大兴机场线,大兴机场,39.5124863,116.4106758,草桥,weekday_5,适用日期（周五）,43,11:36
大兴机场线,大兴机场,39.5124863,116.4106758,草桥,weekday_5,适用日期（周五）,44,11:44
大兴机场线,大兴机场,39.5124863,116.4106758,草桥,weekday_5,适用日期（周五）,45,11:52
大兴机场线,大兴机场,39.5124863,116.4106758,草桥,weekday_5,适用日期（周五）,46,12:00
大兴机场线,大兴机场,39.5124863,116.4106758,草桥,weekday_5,适用日期（周五）,47,12:08
大兴机场线,大兴机场,39.5124863,116.4106758,草桥,weekday_5,适用日期（周五）,48,12:16
大兴机场线,大兴机场,39.5124863,116.4106758,草桥,weekday_5,适用日期（周五）,49,12:24
大兴机场线,大兴机场,39.5124863,116.4106758,草桥,weekday_5,适用日期（周五）,50,12:32
大兴机场线,大兴机场,39.5124863,116.4106758,草桥,weekday_5,适用日期（周五）,51,12:40
大兴机场线,大兴机场,39.5124863,116.4106758,草桥,weekday_5,适用日期（周五）,52,12:48
大兴机场线,大兴机场,39.5124863,116.4106758,草桥,weekday_5,适用日期（周五）,53,12:56
大兴机场线,大兴机场,39.5124863,116.4106758,草桥,weekday_5,适用日期（周五）,54,13:04
大兴机场线,大兴机场,39.5124863,116.4106758,草桥,weekday_5,适用日期（周五）,55,13:12
大兴机场线,大兴机场,39.5124863,116.4106758,草桥,weekday_5,适用日期（周五）,56,13:20
大兴机场线,大兴机场,39.5124863,116.4106758,草桥,weekday_5,适用日期（周五）,57,13:28
大兴机场线,大兴机场,39.5124863,116.4106758,草桥,weekday_5,适用日期（周五）,58,13:36
大兴机场线,大兴机场,39.5124863,116.4106758,草桥,weekday_5,适用日期（周五）,59,13:44
大兴机场线,大兴机场,39.5124863,116.4106758,草桥,weekday_5,适用日期（周五）,60,13:52
大兴机场线,大兴机场,39.5124863,116.4106758,草桥,weekday_5,适用日期（周五）,61,14:00
大兴机场线,大兴机场,39.5124863,116.4106758,草桥,weekday_5,适用日期（周五）,62,14:08
大兴机场线,大兴机场,39.5124863,116.4106758,草桥,weekday_5,适用日期（周五）,63,14:16
大兴机场线,大兴机场,39.5124863,116.4106758,草桥,weekday_5,适用日期（周五）,64,14:24
大兴机场线,大兴机场,39.5124863,116.4106758,草桥,weekday_5,适用日期（周五）,65,14:32
大兴机场线,大兴机场,39.5124863,116.4106758,草桥,weekday_5,适用日期（周五）,66,14:40
大兴机场线,大兴机场,39.5124863,116.4106758,草桥,weekday_5,适用日期（周五）,67,14:48
大兴机场线,大兴机场,39.5124863,116.4106758,草桥,weekday_5,适用日期（周五）,68,14:56
大兴机场线,大兴机场,39.5124863,116.4106758,草桥,weekday_5,适用日期（周五）,69,15:04
大兴机场线,大兴机场,39.5124863,116.4106758,草桥,weekday_5,适用日期（周五）,70,15:12
大兴机场线,大兴机场,39.5124863,116.4106758,草桥,weekday_5,适用日期（周五）,71,15:20
大兴机场线,大兴机场,39.5124863,116.4106758,草桥,weekday_5,适用日期（周五）,72,15:28
大兴机场线,大兴机场,39.5124863,116.4106758,草桥,weekday_5,适用日期（周五）,73,15:36
大兴机场线,大兴机场,39.5124863,116.4106758,草桥,weekday_5,适用日期（周五）,74,15:44
大兴机场线,大兴机场,39.5124863,116.4106758,草桥,weekday_5,适用日期（周五）,75,15:52
大兴机场线,大兴机场,39.5124863,116.4106758,草桥,weekday_5,适用日期（周五）,76,16:00
大兴机场线,大兴机场,39.5124863,116.4106758,草桥,weekday_5,适用日期（周五）,77,16:08
大兴机场线,大兴机场,39.5124863,116.4106758,草桥,weekday_5,适用日期（周五）,78,16:16
大兴机场线,大兴机场,39.5124863,116.4106758,草桥,weekday_5,适用日期（周五）,79,16:24
大兴机场线,大兴机场,39.5124863,116.4106758,草桥,weekday_5,适用日期（周五）,80,16:32
大兴机场线,大兴机场,39.5124863,116.4106758,草桥,weekday_5,适用日期（周五）,81,16:40
大兴机场线,大兴机场,39.5124863,116.4106758,草桥,weekday_5,适用日期（周五）,82,16:48
大兴机场线,大兴机场,39.5124863,116.4106758,草桥,weekday_5,适用日期（周五）,83,16:56
大兴机场线,大兴机场,39.5124863,116.4106758,草桥,weekday_5,适用日期（周五）,84,17:04
大兴机场线,大兴机场,39.5124863,116.4106758,草桥,weekday_5,适用日期（周五）,85,17:12
大兴机场线,大兴机场,39.5124863,116.4106758,草桥,weekday_5,适用日期（周五）,86,17:20
大兴机场线,大兴机场,39.5124863,116.4106758,草桥,weekday_5,适用日期（周五）,87,17:28
大兴机场线,大兴机场,39.5124863,116.4106758,草桥,weekday_5,适用日期（周五）,88,17:36
大兴机场线,大兴机场,39.5124863,116.4106758,草桥,weekday_5,适用日期（周五）,89,17:44
大兴机场线,大兴机场,39.5124863,116.4106758,草桥,weekday_5,适用日期（周五）,90,17:52
大兴机场线,大兴机场,39.5124863,116.4106758,草桥,weekday_5,适用日期（周五）,91,18:00
大兴机场线,大兴机场,39.5124863,116.4106758,草桥,weekday_5,适用日期（周五）,92,18:08
大兴机场线,大兴机场,39.5124863,116.4106758,草桥,weekday_5,适用日期（周五）,93,18:16
大兴机场线,大兴机场,39.5124863,116.4106758,草桥,weekday_5,适用日期（周五）,94,18:24
大兴机场线,大兴机场,39.5124863,116.4106758,草桥,weekday_5,适用日期（周五）,95,18:32
大兴机场线,大兴机场,39.5124863,116.4106758,草桥,weekday_5,适用日期（周五）,96,18:40
大兴机场线,大兴机场,39.5124863,116.4106758,草桥,weekday_5,适用日期（周五）,97,18:48
大兴机场线,大兴机场,39.5124863,116.4106758,草桥,weekday_5,适用日期（周五）,98,18:56
大兴机场线,大兴机场,39.5124863,116.4106758,草桥,weekday_5,适用日期（周五）,99,19:04
大兴机场线,大兴机场,39.5124863,116.4106758,草桥,weekday_5,适用日期（周五）,100,19:12
大兴机场线,大兴机场,39.5124863,116.4106758,草桥,weekday_5,适用日期（周五）,101,19:20
大兴机场线,大兴机场,39.5124863,116.4106758,草桥,weekday_5,适用日期（周五）,102,19:28
大兴机场线,大兴机场,39.5124863,116.4106758,草桥,weekday_5,适用日期（周五）,103,19:36
大兴机场线,大兴机场,39.5124863,116.4106758,草桥,weekday_5,适用日期（周五）,104,19:44
大兴机场线,大兴机场,39.5124863,116.4106758,草桥,weekday_5,适用日期（周五）,105,19:52
大兴机场线,大兴机场,39.5124863,116.4106758,草桥,weekday_5,适用日期（周五）,106,20:00
大兴机场线,大兴机场,39.5124863,116.4106758,草桥,weekday_5,适用日期（周五）,107,20:08
大兴机场线,大兴机场,39.5124863,116.4106758,草桥,weekday_5,适用日期（周五）,108,20:16
大兴机场线,大兴机场,39.5124863,116.4106758,草桥,weekday_5,适用日期（周五）,109,20:24
大兴机场线,大兴机场,39.5124863,116.4106758,草桥,weekday_5,适用日期（周五）,110,20:32
大兴机场线,大兴机场,39.5124863,116.4106758,草桥,weekday_5,适用日期（周五）,111,20:42
大兴机场线,大兴机场,39.5124863,116.4106758,草桥,weekday_5,适用日期（周五）,112,20:51
大兴机场线,大兴机场,39.5124863,116.4106758,草桥,weekday_5,适用日期（周五）,113,21:00
大兴机场线,大兴机场,39.5124863,116.4106758,草桥,weekday_5,适用日期（周五）,114,21:10
大兴机场线,大兴机场,39.5124863,116.4106758,草桥,weekday_5,适用日期（周五）,115,21:19
大兴机场线,大兴机场,39.5124863,116.4106758,草桥,weekday_5,适用日期（周五）,116,21:28
大兴机场线,大兴机场,39.5124863,116.4106758,草桥,weekday_5,适用日期（周五）,117,21:38
大兴机场线,大兴机场,39.5124863,116.4106758,草桥,weekday_5,适用日期（周五）,118,21:47
大兴机场线,大兴机场,39.5124863,116.4106758,草桥,weekday_5,适用日期（周五）,119,21:57
大兴机场线,大兴机场,39.5124863,116.4106758,草桥,weekday_5,适用日期（周五）,120,22:07
大兴机场线,大兴机场,39.5124863,116.4106758,草桥,weekday_5,适用日期（周五）,121,22:17
大兴机场线,大兴机场,39.5124863,116.4106758,草桥,weekday_5,适用日期（周五）,122,22:28
大兴机场线,大兴机场,39.5124863,116.4106758,草桥,weekday_5,适用日期（周五）,123,22:43
大兴机场线,大兴机场,39.5124863,116.4106758,草桥,weekday_5,适用日期（周五）,124,22:58
大兴机场线,大兴机场,39.5124863,116.4106758,草桥,weekday_7,适用日期（周日）,1,05:58
大兴机场线,大兴机场,39.5124863,116.4106758,草桥,weekday_7,适用日期（周日）,2,06:08
大兴机场线,大兴机场,39.5124863,116.4106758,草桥,weekday_7,适用日期（周日）,3,06:17
大兴机场线,大兴机场,39.5124863,116.4106758,草桥,weekday_7,适用日期（周日）,4,06:27
大兴机场线,大兴机场,39.5124863,116.4106758,草桥,weekday_7,适用日期（周日）,5,06:36
大兴机场线,大兴机场,39.5124863,116.4106758,草桥,weekday_7,适用日期（周日）,6,06:45
大兴机场线,大兴机场,39.5124863,116.4106758,草桥,weekday_7,适用日期（周日）,7,06:55
大兴机场线,大兴机场,39.5124863,116.4106758,草桥,weekday_7,适用日期（周日）,8,07:04
大兴机场线,大兴机场,39.5124863,116.4106758,草桥,weekday_7,适用日期（周日）,9,07:13
大兴机场线,大兴机场,39.5124863,116.4106758,草桥,weekday_7,适用日期（周日）,10,07:23
大兴机场线,大兴机场,39.5124863,116.4106758,草桥,weekday_7,适用日期（周日）,11,07:32
大兴机场线,大兴机场,39.5124863,116.4106758,草桥,weekday_7,适用日期（周日）,12,07:41
大兴机场线,大兴机场,39.5124863,116.4106758,草桥,weekday_7,适用日期（周日）,13,07:51
大兴机场线,大兴机场,39.5124863,116.4106758,草桥,weekday_7,适用日期（周日）,14,08:00
大兴机场线,大兴机场,39.5124863,116.4106758,草桥,weekday_7,适用日期（周日）,15,08:09
大兴机场线,大兴机场,39.5124863,116.4106758,草桥,weekday_7,适用日期（周日）,16,08:19
大兴机场线,大兴机场,39.5124863,116.4106758,草桥,weekday_7,适用日期（周日）,17,08:28
大兴机场线,大兴机场,39.5124863,116.4106758,草桥,weekday_7,适用日期（周日）,18,08:37
大兴机场线,大兴机场,39.5124863,116.4106758,草桥,weekday_7,适用日期（周日）,19,08:47
大兴机场线,大兴机场,39.5124863,116.4106758,草桥,weekday_7,适用日期（周日）,20,08:56
大兴机场线,大兴机场,39.5124863,116.4106758,草桥,weekday_7,适用日期（周日）,21,09:05
大兴机场线,大兴机场,39.5124863,116.4106758,草桥,weekday_7,适用日期（周日）,22,09:15
大兴机场线,大兴机场,39.5124863,116.4106758,草桥,weekday_7,适用日期（周日）,23,09:24
大兴机场线,大兴机场,39.5124863,116.4106758,草桥,weekday_7,适用日期（周日）,24,09:33
大兴机场线,大兴机场,39.5124863,116.4106758,草桥,weekday_7,适用日期（周日）,25,09:43
大兴机场线,大兴机场,39.5124863,116.4106758,草桥,weekday_7,适用日期（周日）,26,09:52
大兴机场线,大兴机场,39.5124863,116.4106758,草桥,weekday_7,适用日期（周日）,27,10:01
大兴机场线,大兴机场,39.5124863,116.4106758,草桥,weekday_7,适用日期（周日）,28,10:11
大兴机场线,大兴机场,39.5124863,116.4106758,草桥,weekday_7,适用日期（周日）,29,10:20
大兴机场线,大兴机场,39.5124863,116.4106758,草桥,weekday_7,适用日期（周日）,30,10:29
大兴机场线,大兴机场,39.5124863,116.4106758,草桥,weekday_7,适用日期（周日）,31,10:39
大兴机场线,大兴机场,39.5124863,116.4106758,草桥,weekday_7,适用日期（周日）,32,10:48
大兴机场线,大兴机场,39.5124863,116.4106758,草桥,weekday_7,适用日期（周日）,33,10:57
大兴机场线,大兴机场,39.5124863,116.4106758,草桥,weekday_7,适用日期（周日）,34,11:07
大兴机场线,大兴机场,39.5124863,116.4106758,草桥,weekday_7,适用日期（周日）,35,11:16
大兴机场线,大兴机场,39.5124863,116.4106758,草桥,weekday_7,适用日期（周日）,36,11:25
大兴机场线,大兴机场,39.5124863,116.4106758,草桥,weekday_7,适用日期（周日）,37,11:35
大兴机场线,大兴机场,39.5124863,116.4106758,草桥,weekday_7,适用日期（周日）,38,11:44
大兴机场线,大兴机场,39.5124863,116.4106758,草桥,weekday_7,适用日期（周日）,39,11:53
大兴机场线,大兴机场,39.5124863,116.4106758,草桥,weekday_7,适用日期（周日）,40,12:03
大兴机场线,大兴机场,39.5124863,116.4106758,草桥,weekday_7,适用日期（周日）,41,12:12
大兴机场线,大兴机场,39.5124863,116.4106758,草桥,weekday_7,适用日期（周日）,42,12:21
大兴机场线,大兴机场,39.5124863,116.4106758,草桥,weekday_7,适用日期（周日）,43,12:31
大兴机场线,大兴机场,39.5124863,116.4106758,草桥,weekday_7,适用日期（周日）,44,12:40
大兴机场线,大兴机场,39.5124863,116.4106758,草桥,weekday_7,适用日期（周日）,45,12:49
大兴机场线,大兴机场,39.5124863,116.4106758,草桥,weekday_7,适用日期（周日）,46,12:59
大兴机场线,大兴机场,39.5124863,116.4106758,草桥,weekday_7,适用日期（周日）,47,13:08
大兴机场线,大兴机场,39.5124863,116.4106758,草桥,weekday_7,适用日期（周日）,48,13:17
大兴机场线,大兴机场,39.5124863,116.4106758,草桥,weekday_7,适用日期（周日）,49,13:27
大兴机场线,大兴机场,39.5124863,116.4106758,草桥,weekday_7,适用日期（周日）,50,13:36
大兴机场线,大兴机场,39.5124863,116.4106758,草桥,weekday_7,适用日期（周日）,51,13:45
大兴机场线,大兴机场,39.5124863,116.4106758,草桥,weekday_7,适用日期（周日）,52,13:55
大兴机场线,大兴机场,39.5124863,116.4106758,草桥,weekday_7,适用日期（周日）,53,14:04
大兴机场线,大兴机场,39.5124863,116.4106758,草桥,weekday_7,适用日期（周日）,54,14:13
大兴机场线,大兴机场,39.5124863,116.4106758,草桥,weekday_7,适用日期（周日）,55,14:23
大兴机场线,大兴机场,39.5124863,116.4106758,草桥,weekday_7,适用日期（周日）,56,14:32
大兴机场线,大兴机场,39.5124863,116.4106758,草桥,weekday_7,适用日期（周日）,57,14:41
大兴机场线,大兴机场,39.5124863,116.4106758,草桥,weekday_7,适用日期（周日）,58,14:51
大兴机场线,大兴机场,39.5124863,116.4106758,草桥,weekday_7,适用日期（周日）,59,15:00
大兴机场线,大兴机场,39.5124863,116.4106758,草桥,weekday_7,适用日期（周日）,60,15:09
大兴机场线,大兴机场,39.5124863,116.4106758,草桥,weekday_7,适用日期（周日）,61,15:19
大兴机场线,大兴机场,39.5124863,116.4106758,草桥,weekday_7,适用日期（周日）,62,15:28
大兴机场线,大兴机场,39.5124863,116.4106758,草桥,weekday_7,适用日期（周日）,63,15:37
大兴机场线,大兴机场,39.5124863,116.4106758,草桥,weekday_7,适用日期（周日）,64,15:47
大兴机场线,大兴机场,39.5124863,116.4106758,草桥,weekday_7,适用日期（周日）,65,15:56
大兴机场线,大兴机场,39.5124863,116.4106758,草桥,weekday_7,适用日期（周日）,66,16:05
大兴机场线,大兴机场,39.5124863,116.4106758,草桥,weekday_7,适用日期（周日）,67,16:15
大兴机场线,大兴机场,39.5124863,116.4106758,草桥,weekday_7,适用日期（周日）,68,16:24
大兴机场线,大兴机场,39.5124863,116.4106758,草桥,weekday_7,适用日期（周日）,69,16:33
大兴机场线,大兴机场,39.5124863,116.4106758,草桥,weekday_7,适用日期（周日）,70,16:43
大兴机场线,大兴机场,39.5124863,116.4106758,草桥,weekday_7,适用日期（周日）,71,16:52
大兴机场线,大兴机场,39.5124863,116.4106758,草桥,weekday_7,适用日期（周日）,72,17:01
大兴机场线,大兴机场,39.5124863,116.4106758,草桥,weekday_7,适用日期（周日）,73,17:11
大兴机场线,大兴机场,39.5124863,116.4106758,草桥,weekday_7,适用日期（周日）,74,17:20
大兴机场线,大兴机场,39.5124863,116.4106758,草桥,weekday_7,适用日期（周日）,75,17:29
大兴机场线,大兴机场,39.5124863,116.4106758,草桥,weekday_7,适用日期（周日）,76,17:39
大兴机场线,大兴机场,39.5124863,116.4106758,草桥,weekday_7,适用日期（周日）,77,17:48
大兴机场线,大兴机场,39.5124863,116.4106758,草桥,weekday_7,适用日期（周日）,78,17:57
大兴机场线,大兴机场,39.5124863,116.4106758,草桥,weekday_7,适用日期（周日）,79,18:07
大兴机场线,大兴机场,39.5124863,116.4106758,草桥,weekday_7,适用日期（周日）,80,18:16
大兴机场线,大兴机场,39.5124863,116.4106758,草桥,weekday_7,适用日期（周日）,81,18:25
大兴机场线,大兴机场,39.5124863,116.4106758,草桥,weekday_7,适用日期（周日）,82,18:35
大兴机场线,大兴机场,39.5124863,116.4106758,草桥,weekday_7,适用日期（周日）,83,18:44
大兴机场线,大兴机场,39.5124863,116.4106758,草桥,weekday_7,适用日期（周日）,84,18:53
大兴机场线,大兴机场,39.5124863,116.4106758,草桥,weekday_7,适用日期（周日）,85,19:03
大兴机场线,大兴机场,39.5124863,116.4106758,草桥,weekday_7,适用日期（周日）,86,19:12
大兴机场线,大兴机场,39.5124863,116.4106758,草桥,weekday_7,适用日期（周日）,87,19:21
大兴机场线,大兴机场,39.5124863,116.4106758,草桥,weekday_7,适用日期（周日）,88,19:31
大兴机场线,大兴机场,39.5124863,116.4106758,草桥,weekday_7,适用日期（周日）,89,19:40
大兴机场线,大兴机场,39.5124863,116.4106758,草桥,weekday_7,适用日期（周日）,90,19:49
大兴机场线,大兴机场,39.5124863,116.4106758,草桥,weekday_7,适用日期（周日）,91,19:59
大兴机场线,大兴机场,39.5124863,116.4106758,草桥,weekday_7,适用日期（周日）,92,20:08
大兴机场线,大兴机场,39.5124863,116.4106758,草桥,weekday_7,适用日期（周日）,93,20:17
大兴机场线,大兴机场,39.5124863,116.4106758,草桥,weekday_7,适用日期（周日）,94,20:27
大兴机场线,大兴机场,39.5124863,116.4106758,草桥,weekday_7,适用日期（周日）,95,20:36
大兴机场线,大兴机场,39.5124863,116.4106758,草桥,weekday_7,适用日期（周日）,96,20:45
大兴机场线,大兴机场,39.5124863,116.4106758,草桥,weekday_7,适用日期（周日）,97,20:55
大兴机场线,大兴机场,39.5124863,116.4106758,草桥,weekday_7,适用日期（周日）,98,21:04
大兴机场线,大兴机场,39.5124863,116.4106758,草桥,weekday_7,适用日期（周日）,99,21:13
大兴机场线,大兴机场,39.5124863,116.4106758,草桥,weekday_7,适用日期（周日）,100,21:23
大兴机场线,大兴机场,39.5124863,116.4106758,草桥,weekday_7,适用日期（周日）,101,21:32
大兴机场线,大兴机场,39.5124863,116.4106758,草桥,weekday_7,适用日期（周日）,102,21:41
大兴机场线,大兴机场,39.5124863,116.4106758,草桥,weekday_7,适用日期（周日）,103,21:51
大兴机场线,大兴机场,39.5124863,116.4106758,草桥,weekday_7,适用日期（周日）,104,22:00
大兴机场线,大兴机场,39.5124863,116.4106758,草桥,weekday_7,适用日期（周日）,105,22:09
大兴机场线,大兴机场,39.5124863,116.4106758,草桥,weekday_7,适用日期（周日）,106,22:19
大兴机场线,大兴机场,39.5124863,116.4106758,草桥,weekday_7,适用日期（周日）,107,22:28
大兴机场线,大兴机场,39.5124863,116.4106758,草桥,weekday_7,适用日期（周日）,108,22:42
大兴机场线,大兴机场,39.5124863,116.4106758,草桥,weekday_7,适用日期（周日）,109,22:57
大兴机场线,大兴机场,39.5124863,116.4106758,草桥,weekday_7,适用日期（周日）,110,23:12
大兴机场线,大兴机场,39.5124863,116.4106758,草桥,weekday_7,适用日期（周日）,111,23:27
